timestamp,x,y,vx,vy,yaw
1754742148.399462,2.900000,1.400000,0.374486,-0.481284,0.241901
1754742148.425220,2.800000,1.500000,0.590966,-0.361216,0.193310
1754742148.449461,2.800000,1.500000,0.488356,-0.327559,0.175010
1754742148.499331,2.800000,1.500000,1.074421,-0.396881,0.204881
1754742148.525025,2.800000,1.500000,0.751523,-0.030185,0.035363
1754742148.599390,2.700000,1.500000,1.052784,-0.281968,0.155171
1754742148.625013,2.700000,1.400000,1.032023,-0.716396,0.330323
1754742148.649506,2.700000,1.400000,1.096022,-1.068833,0.508300
1754742148.675341,2.700000,1.400000,0.920327,-0.539812,0.264083
1754742148.699463,2.700000,1.400000,1.263239,-0.469804,0.230205
1754742148.724854,2.700000,1.400000,1.088519,0.159336,-0.068640
1754742148.749466,2.700000,1.300000,0.937169,-0.356495,0.159065
1754742148.775467,2.700000,1.200000,1.003962,-1.398593,0.662521
1754742148.799553,2.700000,1.200000,0.811824,-1.080180,0.517631
1754742148.824814,2.700000,1.200000,0.615883,-1.314232,0.649999
1754742148.849465,2.700000,1.200000,0.472276,-1.278391,0.642208
1754742148.875084,2.600000,1.300000,0.760533,0.022088,-0.016965
1754742148.899340,2.600000,1.300000,0.686082,0.213285,-0.110486
1754742148.924943,2.600000,1.300000,0.648379,0.462112,-0.229538
1754742148.949396,2.600000,1.300000,0.702201,0.384770,-0.193188
1754742149.099472,0.200000,1.300000,0.554456,0.212576,-0.128442
1754742149.125226,2.500000,1.000000,0.543742,-0.333052,0.163525
1754742149.149461,0.100000,1.300000,1.022939,-0.272668,0.110734
1754742149.175272,0.100000,1.300000,0.780089,-0.256471,0.114004
1754742149.199465,2.500000,1.000000,0.562175,-0.088452,0.039254
1754742149.224899,0.100000,1.300000,0.615288,-0.132676,0.053084
1754742149.249400,0.100000,1.300000,0.813030,-0.446310,0.214068
1754742149.275000,0.100000,1.300000,0.597771,-0.304006,0.143269
1754742149.299395,2.400000,0.900000,0.586999,-0.930808,0.478820
1754742149.325236,2.400000,0.900000,0.326171,-0.870950,0.442298
1754742149.349421,2.300000,1.000000,0.888127,-0.593904,0.264649
1754742149.375070,2.300000,1.000000,1.017654,-0.113727,0.061599
1754742149.399351,2.300000,1.000000,1.083313,-0.632289,0.301882
1754742149.424786,2.300000,1.000000,0.535518,-0.462729,0.237559
1754742149.449332,2.200000,1.100000,0.793596,0.296290,-0.130428
1754742149.474601,2.200000,1.100000,0.567730,0.427363,-0.195480
1754742149.499349,2.200000,1.000000,0.465398,-0.107055,0.053673
1754742149.525323,2.200000,1.000000,0.569104,-0.192401,0.088833
1754742149.549334,2.200000,0.900000,0.575006,-0.366179,0.153552
1754742149.599463,2.100000,1.000000,0.587237,-0.058419,0.008609
1754742149.625316,2.100000,1.000000,0.581110,-0.148410,0.069710
1754742149.649464,2.100000,0.900000,0.497061,-0.249335,0.105398
1754742149.699402,2.100000,0.900000,0.372990,-0.353503,0.179531
1754742149.749466,0.100000,1.400000,0.711111,0.205508,-0.103953
1754742149.775302,2.000000,0.900000,0.427249,-0.617079,0.310644
1754742149.799461,0.000000,1.500000,0.699979,0.431259,-0.205461
1754742149.849720,1.900000,1.000000,0.718534,-0.157644,0.076548
1754742149.875872,1.900000,1.100000,1.264955,0.394304,-0.170150
1754742149.899478,1.900000,1.000000,1.044440,-0.022691,-0.002426
1754742149.925173,1.900000,1.000000,0.474229,-0.475213,0.241390
1754742149.949378,1.900000,1.000000,0.515743,-0.469163,0.245120
1754742149.975638,1.800000,1.100000,0.751865,0.313774,-0.139012
1754742149.999557,1.800000,1.100000,0.839306,0.467676,-0.219249
1754742150.025505,1.800000,1.100000,0.907536,0.602923,-0.305743
1754742150.049650,1.700000,1.000000,0.631013,-0.052283,0.007832
1754742150.075264,1.800000,0.900000,0.501218,-0.421760,0.189973
1754742150.099367,1.700000,1.000000,0.704266,-0.069028,0.016053
1754742150.124816,1.700000,1.000000,0.672709,-0.193188,0.077042
1754742150.149601,1.700000,1.000000,0.587361,-0.168062,0.070966
1754742150.176002,1.700000,0.900000,0.398023,-0.263114,0.119362
1754742150.199325,1.700000,0.900000,0.343526,-0.392448,0.200172
1754742150.349341,1.500000,1.000000,0.699346,-0.324548,0.149247
1754742150.375682,1.500000,1.100000,1.209658,0.335231,-0.140835
1754742150.399312,1.500000,1.000000,0.819296,-0.466130,0.240469
1754742150.425780,1.500000,1.000000,0.815677,-0.586636,0.306218
1754742150.449469,1.500000,1.000000,0.513269,-0.556938,0.294413
1754742150.475094,1.400000,1.000000,0.889967,-0.065943,0.027901
1754742150.499318,1.400000,1.000000,1.102831,-0.180898,0.076509
1754742150.525001,1.400000,1.000000,0.832062,-0.246315,0.103038
1754742150.574917,1.300000,1.000000,0.669872,-0.245603,0.105962
1754742150.625398,1.300000,1.000000,0.721345,-0.084251,0.022016
1754742150.649467,1.300000,0.900000,0.482084,-0.236365,0.102984
1754742150.675300,1.300000,0.900000,0.444651,-0.293892,0.134779
1754742150.699329,1.300000,0.900000,0.480485,-0.397191,0.197813
1754742150.875268,1.100000,1.100000,0.721626,0.574814,-0.275849
1754742150.899467,1.100000,1.100000,0.835968,0.490954,-0.218693
1754742150.925253,1.100000,1.000000,0.579505,-0.120171,0.060725
1754742150.949350,1.100000,1.000000,0.967297,-0.323979,0.168911
1754742150.975282,1.000000,1.100000,0.930372,0.717326,-0.342952
1754742150.999484,1.000000,1.100000,0.784181,0.534966,-0.249802
1754742151.025014,1.000000,1.000000,0.726462,0.091853,-0.056499
1754742151.049387,1.000000,1.000000,0.507894,-0.097631,0.044771
1754742151.099464,1.000000,1.000000,0.783363,-0.272981,0.120462
1754742151.125154,1.000000,1.000000,0.670145,0.102675,-0.063661
1754742151.149544,1.000000,0.900000,0.568484,-0.286972,0.128780
1754742151.175162,1.000000,0.900000,0.643947,-0.071813,0.031459
1754742151.199383,1.000000,1.000000,0.543658,0.607610,-0.305920
1754742151.225289,1.000000,0.800000,0.788637,-0.752799,0.358143
1754742151.249397,1.000000,0.900000,1.079760,-0.062968,0.008002
1754742151.275392,1.000000,0.900000,0.798085,0.110594,-0.062377
1754742151.299328,1.000000,0.900000,0.953024,0.360959,-0.182429
1754742151.324568,1.000000,0.900000,0.960124,0.524640,-0.263803
1754742151.349462,1.000000,0.900000,0.593460,0.552580,-0.280902
1754742151.375205,1.000000,0.700000,0.547980,-0.761145,0.359285
1754742151.399469,1.000000,0.700000,0.702549,-0.773833,0.359035
1754742151.425313,1.000000,0.700000,0.607437,-0.642527,0.297476
1754742151.449457,1.000000,0.700000,0.649138,-1.004795,0.483108
1754742151.475364,1.000000,0.700000,0.688949,-0.565978,0.246999
1754742151.499388,1.000000,0.700000,0.490233,-0.641439,0.305890
1754742151.524856,1.000000,0.700000,0.464200,-0.192821,0.086720
1754742151.549477,1.000000,0.600000,0.388311,-1.026620,0.520576
1754742151.575301,1.000000,0.700000,0.360402,-0.743264,0.361151
1754742151.599352,1.000000,0.700000,0.352672,-0.251855,0.124268
1754742151.624886,1.000000,0.700000,0.846635,-0.541495,0.246348
1754742151.649435,1.000000,0.700000,0.606433,-0.360080,0.164784
1754742151.675347,1.000000,0.700000,0.524502,-0.338780,0.158252
1754742151.699456,1.000000,0.700000,0.573772,-0.476691,0.220759
1754742151.724821,1.000000,0.700000,0.524502,-0.338780,0.158252
1754742151.749355,1.000000,0.700000,0.497332,-0.190452,0.086141
1754742151.775279,1.000000,0.700000,0.610775,-0.291886,0.127907
1754742151.799326,1.000000,0.700000,0.592069,-0.265595,0.110054
1754742151.824955,1.000000,0.700000,0.594460,-0.231871,0.099533
1754742151.849329,1.000000,0.800000,0.521875,0.740662,-0.379085
1754742151.875079,1.000000,0.700000,0.616187,-0.211412,0.096947
1754742151.899410,0.900000,0.600000,0.597138,-0.440273,0.208751
1754742151.924822,0.900000,0.600000,0.671085,-0.394119,0.184478
1754742151.949357,0.900000,0.600000,0.636640,-0.287891,0.130859
1754742151.999380,0.900000,0.600000,0.493782,-0.253758,0.118449
1754742152.049420,0.900000,0.600000,0.449910,-0.365989,0.184925
1754742152.075143,0.900000,0.700000,0.397183,0.502929,-0.265720
1754742152.099429,0.900000,0.700000,0.657070,0.587030,-0.310851
1754742152.175068,0.900000,0.600000,0.457082,-0.312109,0.158996
1754742152.299386,0.800000,0.700000,0.837546,0.057462,0.005280
1754742152.324630,0.700000,0.700000,0.671339,0.319718,-0.136782
1754742152.399384,0.700000,0.700000,0.680799,0.172746,-0.064232
1754742152.425437,0.700000,0.700000,1.516721,0.794318,-0.349831
1754742152.449394,0.700000,0.700000,1.141608,0.656328,-0.294783
1754742152.475677,0.700000,0.700000,1.008727,0.138630,-0.046819
1754742152.499546,0.700000,0.700000,0.756603,-0.010417,0.028254
1754742152.524756,0.700000,0.600000,0.128561,-0.517132,0.296803
1754742152.549395,0.600000,0.700000,0.708881,0.303190,-0.142622
1754742152.574698,0.600000,0.700000,0.801201,0.349397,-0.176330
1754742152.599322,0.600000,0.700000,0.752267,0.022033,-0.011554
1754742152.675297,0.500000,0.600000,0.581230,-0.181917,0.084553
1754742152.699462,0.500000,0.600000,0.627886,-0.334279,0.161837
1754742153.225598,0.100000,0.600000,0.502408,-0.234069,0.109351
1754742153.249328,0.100000,0.500000,0.592938,-0.377803,0.181444
1754742153.274943,0.100000,0.600000,0.579007,-0.405583,0.197401
1754742153.299487,0.100000,0.500000,0.612261,-0.489316,0.241070
1754742153.325226,0.100000,0.500000,0.540488,-0.509351,0.250674
1754742153.349472,0.100000,0.500000,0.711539,-0.656811,0.325607
1754742153.375199,0.100000,0.500000,0.734373,-0.914428,0.468416
1754742153.399495,0.100000,0.500000,0.619710,-0.868083,0.452801
1754742153.425300,0.100000,0.500000,0.523837,-0.409538,0.204060
1754742153.449403,0.100000,0.500000,0.314919,-0.598344,0.306487
1754742153.474704,0.100000,0.500000,0.379746,-0.603697,0.309331
1754742153.499457,0.100000,0.500000,0.423850,-0.624254,0.318360
1754742153.524556,0.100000,0.500000,0.300764,-0.610831,0.315555
1754742153.549345,0.100000,0.500000,0.342492,-0.562055,0.285252
1754742153.574878,0.100000,0.500000,0.276403,-0.794597,0.409136
1754742153.599394,0.100000,0.500000,0.300727,-0.878175,0.452298
1754742153.624784,0.100000,0.500000,0.386229,-0.772402,0.389917
1754742153.649467,0.100000,0.500000,0.361529,-0.815068,0.419979
1754742153.675421,0.100000,0.500000,0.360036,-0.717282,0.360980
1754742153.699420,0.100000,0.500000,0.403436,-0.584505,0.287284
1754742153.724966,0.100000,0.500000,0.388371,-0.333450,0.154721
1754742153.775391,0.100000,0.500000,0.652133,0.026349,-0.017654
1754742153.799388,0.100000,0.500000,0.982140,0.100058,-0.062357
1754742153.824898,0.100000,0.500000,1.026161,0.099366,-0.063497
1754742153.849458,0.100000,0.500000,1.007688,0.100164,-0.063286
1754742153.875789,0.100000,0.500000,0.760254,-0.126001,0.058957
1754742153.899389,0.100000,0.500000,0.725704,-0.241125,0.110686
1754742153.925241,0.100000,0.500000,0.752018,-0.238797,0.109449
1754742153.949738,0.100000,0.500000,0.748331,-0.240472,0.110286
1754742153.976595,0.100000,0.500000,0.655237,-0.369787,0.179435
1754742153.999405,0.100000,0.600000,0.435475,-0.289294,0.152873
1754742154.025667,0.100000,0.600000,0.470899,-0.327928,0.169080
1754742154.049663,0.100000,0.600000,0.883700,0.267688,-0.126211
1754742154.075904,0.100000,0.600000,0.946713,0.295066,-0.143558
1754742154.099334,0.100000,0.600000,0.946713,0.295066,-0.143558
1754742154.125021,0.100000,0.600000,0.900032,0.250408,-0.121871
1754742154.149416,0.100000,0.600000,0.837342,0.226246,-0.112834
1754742154.174592,0.100000,0.600000,0.909908,0.302637,-0.149319
1754742154.199402,0.100000,0.600000,0.946713,0.295066,-0.143558
1754742154.225664,0.100000,0.600000,0.946713,0.295066,-0.143558
1754742154.249326,0.100000,0.600000,0.946713,0.295066,-0.143558
1754742154.275252,0.100000,0.600000,0.946713,0.295066,-0.143558
1754742154.299359,0.100000,0.600000,0.900032,0.250408,-0.121871
1754742154.325388,0.100000,0.600000,0.909908,0.302637,-0.149319
1754742154.349467,0.100000,0.600000,0.946713,0.295066,-0.143558
1754742154.375030,0.100000,0.600000,0.900032,0.250408,-0.121871
1754742154.399456,0.100000,0.600000,0.909908,0.302637,-0.149319
1754742154.424822,0.100000,0.600000,0.946713,0.295066,-0.143558
1754742154.449387,0.100000,0.600000,0.900032,0.250408,-0.121871
1754742154.474982,0.100000,0.600000,0.909908,0.302637,-0.149319
1754742154.499420,0.100000,0.600000,0.946713,0.295066,-0.143558
1754742154.525329,0.100000,0.600000,0.436665,-0.299582,0.155596
1754742154.549458,0.100000,0.600000,0.352417,0.010563,0.000617
1754742154.599389,0.100000,0.600000,0.455598,-0.110321,0.066242
1754742154.624699,0.000000,0.500000,0.463903,-0.045459,0.038211
1754742154.649405,0.100000,0.500000,0.754203,0.097047,-0.053100
1754742154.675028,0.100000,0.500000,0.507574,-0.170255,0.075299
1754742154.699327,0.100000,0.500000,0.647493,-0.308494,0.149269
1754742154.724729,0.100000,0.500000,0.753663,-0.248031,0.119439
1754742154.749546,0.100000,0.500000,0.516768,-0.163941,0.072410
1754742154.774929,0.100000,0.500000,0.445114,0.102139,-0.060736
1754742154.799438,0.100000,0.500000,0.886294,0.202619,-0.111528
1754742154.825684,0.100000,0.500000,0.704522,-0.203808,0.100557
1754742154.849387,0.100000,0.500000,0.725200,-0.241208,0.110697
1754742154.874876,0.100000,0.500000,1.133863,0.260962,-0.141704
1754742154.899338,0.100000,0.500000,1.007688,0.100164,-0.063286
1754742154.925492,0.100000,0.500000,1.007688,0.100164,-0.063286
1754742154.949465,0.100000,0.500000,1.007688,0.100164,-0.063286
1754742154.975265,0.100000,0.500000,1.007688,0.100164,-0.063286
1754742154.999383,0.100000,0.500000,1.007688,0.100164,-0.063286
1754742155.025224,0.100000,0.500000,0.895479,0.112159,-0.068131
1754742155.049335,0.100000,0.500000,0.839787,0.154586,-0.089532
1754742155.124606,0.100000,0.500000,0.576054,-0.515587,0.240480
1754742155.149366,0.100000,0.500000,0.407525,-0.306043,0.145246
1754742155.175097,0.100000,0.500000,0.558453,-0.699766,0.344812
1754742155.199485,0.100000,0.500000,0.372606,-0.709478,0.356705
1754742155.225349,0.100000,0.500000,0.442181,-0.789628,0.396255
1754742155.249463,0.100000,0.500000,0.549005,-0.874652,0.442644
1754742155.275422,0.100000,0.500000,0.238302,-1.000481,0.525427
1754742155.299366,0.100000,0.500000,0.288961,-0.891710,0.459571
1754742155.325341,0.100000,0.500000,0.300727,-0.878175,0.452298
1754742155.349461,0.100000,0.500000,0.300727,-0.878175,0.452298
1754742155.375299,0.100000,0.500000,0.300727,-0.878175,0.452298
1754742155.399396,0.100000,0.500000,0.438267,-0.903865,0.470963
1754742155.425280,0.100000,0.500000,0.323092,-0.604107,0.313082
1754742155.449416,0.100000,0.500000,0.647532,-0.868094,0.439895
1754742155.475318,0.100000,0.500000,0.608224,-0.911545,0.461250
1754742155.499331,0.100000,0.500000,0.436144,-0.799128,0.410145
1754742155.574564,0.100000,0.500000,0.289189,-0.564208,0.289603
1754742155.625525,0.100000,0.500000,0.372063,-0.438791,0.225399
1754742155.649424,0.100000,0.500000,0.480899,-0.445592,0.230233
1754742155.725430,0.200000,0.500000,0.468375,-0.410306,0.209110
1754742155.749424,0.100000,0.500000,0.585963,-0.836291,0.439837
1754742155.776425,0.100000,0.500000,0.746254,-0.709186,0.359134
1754742155.799355,0.100000,0.500000,0.599206,-0.659262,0.330987
1754742155.825346,0.100000,0.500000,0.569195,-0.499592,0.244499
1754742155.849378,0.100000,0.500000,0.581520,-0.479239,0.234912
1754742155.875114,0.100000,0.500000,0.563098,-0.470550,0.228397
1754742155.899485,0.100000,0.500000,0.466978,-0.353939,0.167106
1754742155.975975,0.100000,0.500000,0.704088,-0.367062,0.183089
1754742155.999392,0.100000,0.500000,0.619063,-0.377591,0.180188
1754742156.025236,0.100000,0.500000,0.619063,-0.377591,0.180188
1754742156.049492,0.100000,0.500000,0.619063,-0.377591,0.180188
1754742156.075440,0.100000,0.500000,0.550572,-0.392370,0.189694
1754742156.125351,0.100000,0.600000,0.842388,-0.267069,0.128056
1754742156.149383,0.100000,0.600000,0.550605,-0.180634,0.086916
1754742156.175505,0.100000,0.600000,0.997494,-0.150538,0.059151
1754742156.199543,0.100000,0.600000,1.306681,-0.294071,0.110192
1754742156.225772,0.100000,0.600000,0.618473,-0.282530,0.135348
1754742156.326014,0.200000,0.600000,0.592955,0.075459,-0.049763
1754742156.474913,0.300000,0.600000,0.545863,-0.347569,0.174129
1754742156.649281,0.300000,0.700000,0.665026,0.083913,-0.035664
1754742156.674774,0.300000,0.700000,0.634179,0.302282,-0.142270
1754742156.699359,0.300000,0.600000,1.079262,0.149812,-0.073639
1754742156.724881,0.300000,0.600000,0.708313,0.123730,-0.057903
1754742157.075379,0.500000,0.600000,0.370413,-0.559988,0.291818
1754742157.276255,0.400000,0.800000,0.705381,0.255967,-0.102198
1754742157.299467,0.400000,0.700000,0.597199,-0.536123,0.257964
1754742157.325317,0.500000,0.700000,0.627245,-0.671648,0.330276
1754742157.349358,0.500000,0.600000,0.241291,-0.682247,0.341536
1754742157.375369,0.500000,0.700000,0.425074,-0.741311,0.368205
1754742157.399506,0.400000,0.800000,0.787111,0.080411,-0.023568
1754742157.449441,0.500000,0.700000,0.203268,-0.700256,0.358192
1754742157.499325,0.500000,0.700000,0.250116,-0.667720,0.339497
1754742157.599340,0.400000,0.900000,1.056133,0.003630,0.001772
1754742157.624764,0.400000,0.900000,0.745040,-0.036798,0.024907
1754742157.774606,0.400000,0.900000,0.747023,0.011006,-0.017535
1754742157.799458,0.400000,0.900000,1.049858,-0.019473,0.000253
1754742157.825592,0.400000,0.900000,1.019038,0.011068,-0.018916
1754742157.849463,0.400000,0.900000,1.019038,0.011068,-0.018916
1754742157.875343,0.500000,0.800000,0.664841,-0.423590,0.206598
1754742157.899331,0.400000,0.900000,0.923493,-0.194787,0.082328
1754742157.925833,0.400000,0.900000,1.082479,0.088640,-0.054941
1754742157.949323,0.400000,0.900000,0.807563,-0.121951,0.050554
1754742157.974559,0.400000,0.900000,0.915106,-0.075785,0.033269
1754742157.999337,0.500000,0.900000,0.634731,-0.053210,0.030540
1754742158.024973,0.500000,0.800000,0.571577,-0.566686,0.273508
1754742158.075595,0.500000,0.900000,0.577863,0.120446,-0.061053
1754742158.249398,0.500000,0.900000,0.545674,-0.053926,0.029469
1754742158.849691,0.500000,0.900000,0.627848,-0.142623,0.070484
1754742158.924883,0.500000,0.900000,0.537725,0.068822,-0.042086
1754742158.949520,0.400000,0.900000,0.812540,-0.075801,0.028418
1754742158.974508,0.400000,0.900000,0.984269,-0.105866,0.044449
1754742158.999423,0.300000,0.900000,0.720316,-0.287773,0.122933
1754742159.075214,0.400000,0.900000,0.589889,-0.303464,0.158231
1754742159.225297,0.300000,0.900000,0.454773,-0.521481,0.251853
1754742159.249415,0.300000,0.800000,0.852217,-0.763167,0.372492
1754742159.275523,0.200000,0.900000,1.024580,-0.817312,0.389926
1754742159.299384,0.200000,0.900000,1.214617,-0.506043,0.242480
1754742159.325250,0.200000,0.900000,1.269356,-0.669710,0.321802
1754742159.349519,0.200000,0.900000,0.724335,-0.366655,0.166071
1754742159.375326,0.200000,0.900000,0.714244,-0.665079,0.317137
1754742159.399389,0.200000,0.900000,0.713260,-0.505254,0.236294
1754742159.425279,0.200000,0.900000,0.806312,-0.543827,0.248210
1754742159.449492,0.200000,0.900000,0.653120,-0.506385,0.230941
1754742159.499356,0.200000,0.900000,0.602401,-0.671129,0.322246
1754742159.525449,0.200000,0.900000,0.577389,-0.419516,0.195695
1754742159.574583,0.200000,0.900000,0.428645,-0.527899,0.253329
1754742159.599412,0.200000,0.900000,0.447769,-0.461224,0.220774
1754742159.624934,0.200000,0.900000,0.447769,-0.461224,0.220774
1754742159.649396,0.200000,0.900000,0.447769,-0.461224,0.220774
1754742159.674713,0.200000,0.900000,0.447769,-0.461224,0.220774
1754742159.699499,0.200000,0.900000,0.447769,-0.461224,0.220774
1754742159.725397,0.200000,0.900000,0.447769,-0.461224,0.220774
1754742159.749520,0.200000,0.900000,0.447769,-0.461224,0.220774
1754742159.775158,0.200000,0.900000,0.447769,-0.461224,0.220774
1754742159.799524,0.200000,0.900000,0.637516,-0.633087,0.306784
1754742159.824916,0.200000,0.900000,0.568157,-0.543517,0.262252
1754742159.849473,0.200000,0.900000,0.447769,-0.461224,0.220774
1754742159.875945,0.200000,0.900000,0.447769,-0.461224,0.220774
1754742159.899328,0.200000,0.900000,0.447769,-0.461224,0.220774
1754742159.924823,0.200000,0.900000,0.447769,-0.461224,0.220774
1754742159.949492,0.200000,0.900000,0.447769,-0.461224,0.220774
1754742159.975466,0.200000,0.900000,0.447769,-0.461224,0.220774
1754742159.999464,0.200000,0.900000,0.637516,-0.633087,0.306784
1754742160.024548,0.200000,0.900000,0.568157,-0.543517,0.262252
1754742160.049330,0.200000,0.900000,0.447769,-0.461224,0.220774
1754742160.074941,0.200000,0.900000,0.447769,-0.461224,0.220774
1754742160.099333,0.200000,0.900000,0.447769,-0.461224,0.220774
1754742160.125333,0.200000,0.900000,0.447769,-0.461224,0.220774
1754742160.149393,0.200000,0.900000,0.637516,-0.633087,0.306784
1754742160.174990,0.200000,0.900000,0.568157,-0.543517,0.262252
1754742160.199464,0.200000,0.900000,0.447769,-0.461224,0.220774
1754742160.225342,0.200000,0.900000,0.637516,-0.633087,0.306784
1754742160.249516,0.200000,0.900000,0.568157,-0.543517,0.262252
1754742160.275222,0.200000,0.900000,0.447769,-0.461224,0.220774
1754742160.299483,0.200000,0.900000,0.447769,-0.461224,0.220774
1754742160.324896,0.200000,0.900000,0.637516,-0.633087,0.306784
1754742160.349417,0.200000,0.900000,0.680825,-0.704975,0.339798
1754742160.375464,0.200000,0.900000,0.568157,-0.543517,0.262252
1754742160.399324,0.200000,0.900000,0.447769,-0.461224,0.220774
1754742160.425483,0.200000,0.900000,0.447769,-0.461224,0.220774
1754742160.449499,0.200000,0.900000,0.447769,-0.461224,0.220774
1754742160.474910,0.200000,0.900000,0.447769,-0.461224,0.220774
1754742160.499404,0.200000,0.900000,0.447769,-0.461224,0.220774
1754742160.525426,0.200000,0.900000,0.447769,-0.461224,0.220774
1754742160.549362,0.200000,0.900000,0.447769,-0.461224,0.220774
1754742160.574938,0.200000,0.900000,0.447769,-0.461224,0.220774
1754742160.599466,0.200000,0.900000,0.447769,-0.461224,0.220774
1754742160.624923,0.200000,0.900000,0.447769,-0.461224,0.220774
1754742160.649343,0.200000,0.900000,0.447769,-0.461224,0.220774
1754742160.675166,0.200000,0.900000,0.447769,-0.461224,0.220774
1754742160.699405,0.200000,0.900000,0.447769,-0.461224,0.220774
1754742160.724708,0.200000,0.900000,0.447769,-0.461224,0.220774
1754742160.775366,0.200000,0.900000,0.623068,-0.462963,0.222217
1754742160.799350,0.200000,0.900000,0.447769,-0.461224,0.220774
1754742160.824861,0.200000,0.900000,0.447769,-0.461224,0.220774
1754742160.849325,0.200000,0.900000,0.447769,-0.461224,0.220774
1754742160.874886,0.200000,0.900000,0.447769,-0.461224,0.220774
1754742160.899361,0.200000,0.900000,0.447769,-0.461224,0.220774
1754742160.924546,0.200000,0.900000,0.447769,-0.461224,0.220774
1754742160.949402,0.200000,0.900000,0.447769,-0.461224,0.220774
1754742160.975254,0.200000,0.900000,0.447769,-0.461224,0.220774
1754742160.999338,0.200000,0.900000,0.447769,-0.461224,0.220774
1754742161.025116,0.200000,0.900000,0.447769,-0.461224,0.220774
1754742161.049467,0.200000,0.900000,0.447769,-0.461224,0.220774
1754742161.074940,0.200000,0.900000,0.637516,-0.633087,0.306784
1754742161.099434,0.200000,0.900000,0.568157,-0.543517,0.262252
1754742161.124962,0.200000,0.900000,0.637516,-0.633087,0.306784
1754742161.149390,0.200000,0.900000,0.568157,-0.543517,0.262252
1754742161.174935,0.200000,0.900000,0.447769,-0.461224,0.220774
1754742161.199430,0.200000,0.900000,0.637516,-0.633087,0.306784
1754742161.224917,0.200000,0.900000,0.568157,-0.543517,0.262252
1754742183.049328,2.200000,2.800000,0.723838,-1.011685,0.497704
1754742183.074898,2.200000,2.800000,0.920735,-0.965275,0.469042
1754742183.099394,2.200000,2.800000,1.093491,-0.289147,0.146939
1754742183.125140,2.300000,2.700000,0.510339,-0.843707,0.425927
1754742183.149461,2.300000,2.700000,0.369629,-1.419871,0.727681
1754742183.175400,2.300000,2.700000,0.927710,-1.137039,0.572435
1754742183.199400,2.300000,2.700000,0.519130,-1.068399,0.539825
1754742183.224931,2.200000,2.800000,1.150850,-0.163061,0.086810
1754742183.249509,2.200000,2.800000,1.172355,0.231217,-0.134330
1754742183.275139,2.200000,2.800000,1.230058,0.154990,-0.091413
1754742183.299360,2.200000,2.700000,0.637721,-0.532569,0.247611
1754742183.325138,2.200000,2.700000,0.882305,-0.467527,0.208703
1754742183.349465,2.200000,2.700000,1.176428,-0.523817,0.231393
1754742183.375134,2.200000,2.700000,0.361387,-0.531408,0.248418
1754742183.424863,2.100000,2.800000,0.775357,-0.228662,0.090783
1754742183.449363,0.100000,1.300000,0.439642,-0.326226,0.157200
1754742183.474757,0.100000,1.300000,0.669492,-0.443030,0.216781
1754742183.499382,0.100000,1.300000,0.635681,-0.387284,0.187436
1754742183.525093,0.100000,1.300000,0.633296,-0.305187,0.143388
1754742183.550257,0.100000,1.300000,0.797675,-0.364013,0.163397
1754742183.574832,0.100000,1.300000,0.810755,-0.395500,0.176558
1754742183.599366,0.100000,1.300000,0.515097,-0.359026,0.159989
1754742183.674539,0.100000,1.300000,0.395469,-0.265299,0.121757
1754742183.699321,1.900000,2.800000,1.008719,-0.053347,0.030650
1754742183.724868,1.900000,2.800000,1.335778,0.098053,-0.028774
1754742183.749447,0.100000,1.400000,0.650596,-0.185061,0.093534
1754742183.774942,0.100000,1.400000,0.948446,-0.430901,0.216966
1754742183.799339,0.100000,1.400000,0.948446,-0.430901,0.216966
1754742183.825040,1.900000,2.700000,0.677988,-0.969248,0.481766
1754742183.849334,1.800000,2.800000,0.921200,-0.420120,0.204926
1754742183.875372,0.100000,1.400000,0.956994,-0.071632,0.044627
1754742183.899328,0.100000,1.400000,0.754500,0.323627,-0.149276
1754742183.925705,1.800000,2.700000,0.643179,-0.887787,0.416670
1754742183.949348,0.100000,1.400000,0.720356,0.113148,-0.045335
1754742183.974914,0.100000,1.400000,1.129645,0.051934,-0.018065
1754742183.999459,0.100000,1.400000,0.754500,0.323627,-0.149276
1754742184.025517,0.100000,1.400000,1.129645,0.051934,-0.018065
1754742184.049407,1.800000,2.600000,1.016282,-0.588106,0.287208
1754742184.074897,0.100000,1.400000,1.040053,-0.034181,0.028120
1754742184.099325,1.800000,2.500000,0.897375,-0.796652,0.379284
1754742184.124507,1.800000,2.600000,1.078406,-0.073813,0.024405
1754742184.149440,1.800000,2.600000,0.908422,-0.201575,0.081636
1754742184.174932,1.700000,2.600000,0.710738,-0.263839,0.111948
1754742184.199402,1.800000,2.500000,0.553587,-0.567790,0.262981
1754742184.225759,1.700000,2.600000,0.885884,-0.185740,0.079168
1754742184.249457,1.700000,2.600000,0.883363,-0.232409,0.098899
1754742184.274911,1.700000,2.500000,0.709665,-0.486366,0.233820
1754742184.299386,1.800000,2.500000,0.781043,-0.342184,0.171536
1754742184.324947,1.800000,2.400000,0.819144,-0.890582,0.427230
1754742184.349467,1.800000,2.400000,1.007907,-0.557469,0.263358
1754742184.374951,1.800000,2.400000,0.830227,-0.243967,0.128997
1754742184.399402,1.900000,2.300000,1.034839,-0.871926,0.439707
1754742184.425376,1.900000,2.300000,1.094028,-0.345184,0.182840
1754742184.449407,1.900000,2.300000,1.152237,-0.489180,0.252497
1754742184.475880,1.900000,2.200000,1.175857,-0.341881,0.143478
1754742184.499462,1.900000,2.200000,0.973758,-0.093941,0.041693
1754742184.525160,0.000000,1.400000,0.486809,-0.246545,0.128601
1754742184.599363,1.900000,2.100000,0.819044,-0.236790,0.094905
1754742184.699460,2.100000,1.800000,0.490464,-0.706136,0.351062
1754742184.724946,2.100000,1.800000,0.668951,-0.972508,0.485211
1754742184.749461,2.100000,1.800000,0.737213,-0.622144,0.312922
1754742184.775032,2.100000,1.800000,0.853411,-0.658909,0.339060
1754742184.799466,0.100000,1.300000,0.792859,0.084696,-0.043927
1754742184.825287,0.100000,1.300000,0.792859,0.084696,-0.043927
1754742184.849385,0.100000,1.300000,0.792859,0.084696,-0.043927
1754742184.875228,0.100000,1.300000,0.792859,0.084696,-0.043927
1754742184.899338,2.100000,1.700000,0.776046,-0.537529,0.259780
1754742184.925246,0.100000,1.300000,0.792859,0.084696,-0.043927
1754742184.949338,0.100000,1.300000,0.792859,0.084696,-0.043927
1754742184.975195,0.100000,1.300000,1.084340,-0.050628,0.011442
1754742184.999317,0.100000,1.300000,0.955500,-0.758174,0.376228
1754742185.025059,0.100000,1.300000,0.982108,-0.710337,0.354790
1754742185.049380,2.200000,1.600000,0.708144,-1.050759,0.499250
1754742185.074980,0.100000,1.300000,1.223019,-0.419420,0.203680
1754742185.099436,0.100000,1.300000,0.880983,-0.724872,0.360149
1754742185.125085,0.100000,1.300000,0.575438,-0.627778,0.313002
1754742185.149375,0.100000,1.300000,0.841049,-0.667694,0.326737
1754742185.175218,0.100000,1.300000,1.443789,-0.255710,0.106541
1754742185.199474,0.100000,1.300000,1.076496,-0.501348,0.241618
1754742185.224959,2.200000,1.500000,0.692295,-0.346984,0.168519
1754742185.249470,2.200000,1.500000,0.822411,-0.465600,0.213827
1754742185.275016,2.200000,1.400000,0.573168,-0.764857,0.387926
1754742185.299463,2.200000,1.400000,0.506768,-0.613537,0.316316
1754742185.324987,2.200000,1.300000,0.623816,-0.550959,0.257997
1754742185.349595,2.200000,1.300000,0.559337,-0.515765,0.234700
1754742185.374908,2.200000,1.400000,0.794117,-0.004944,-0.012344
1754742185.399396,2.200000,1.300000,1.073060,-0.146886,0.073609
1754742185.425088,2.200000,1.200000,0.982529,-1.127636,0.530201
1754742185.449470,2.200000,1.300000,1.061124,0.091154,-0.053788
1754742185.474674,2.200000,1.300000,0.768862,0.340207,-0.174347
1754742185.499462,2.200000,1.200000,0.935215,-0.127608,0.057463
1754742185.525281,2.200000,1.200000,0.657563,0.186516,-0.111443
1754742185.549460,2.200000,1.100000,0.696802,-0.474438,0.213861
1754742185.575345,2.200000,1.100000,1.119755,-0.120225,0.027645
1754742185.599293,2.200000,1.100000,0.833367,0.472523,-0.228001
1754742185.625276,2.200000,1.100000,0.986124,0.621521,-0.302593
1754742185.649464,2.200000,1.000000,1.189021,0.062155,-0.037163
1754742185.675261,2.200000,0.900000,1.096295,-0.064121,0.020157
1754742185.699359,2.200000,0.900000,0.783606,0.025173,-0.016576
1754742185.724946,2.200000,1.000000,0.556537,0.993673,-0.500440
1754742185.749464,2.200000,1.000000,0.366614,0.704719,-0.349815
1754742185.776015,2.200000,0.800000,0.993577,-0.005553,0.001055
1754742185.799419,2.200000,0.800000,0.985034,0.308386,-0.168286
1754742185.824841,2.200000,0.900000,0.407904,0.893736,-0.447827
1754742185.849468,2.200000,0.700000,0.752453,-0.677016,0.309456
1754742185.874983,2.200000,0.700000,0.773979,-0.373167,0.171671
1754742185.899460,2.200000,0.800000,0.551818,0.950404,-0.470853
1754742185.925481,2.200000,0.800000,0.607448,1.147019,-0.570322
1754742185.949486,2.200000,0.800000,0.478867,0.906884,-0.457565
1754742185.974938,2.200000,0.600000,0.618297,-0.255236,0.110469
1754742185.999398,2.200000,0.700000,0.560948,0.799416,-0.402422
1754742186.025213,2.200000,0.700000,0.664505,0.876890,-0.436433
1754742186.049712,2.200000,0.400000,0.498585,-0.598866,0.289971
1754742186.075536,2.200000,0.600000,0.331390,0.386066,-0.192095
1754742186.099361,2.200000,0.600000,0.500616,0.647628,-0.320281
1754742186.125251,2.200000,0.600000,0.450284,0.927215,-0.463998
1754742186.149367,2.200000,0.300000,0.499935,-1.057138,0.514011
1754742186.175008,2.200000,0.300000,0.301571,-0.898809,0.441152
1754742186.224598,2.200000,0.300000,0.422872,-0.615979,0.286116
1754742186.275412,2.200000,0.200000,0.267892,-0.946639,0.487858
1754742186.299458,2.200000,0.200000,0.307265,-1.111827,0.578789
1754742186.325038,2.200000,0.200000,0.332910,-1.041643,0.539357
1754742186.349463,2.200000,0.200000,0.112268,-1.230435,0.638349
1754742186.375241,2.100000,0.200000,0.568670,-0.558862,0.274302
1754742186.399528,2.100000,0.200000,0.735454,-0.304077,0.139567
1754742186.424744,2.100000,0.400000,0.432078,0.850233,-0.435493
1754742186.449462,2.100000,0.200000,0.537711,-0.227532,0.103466
1754742186.475419,2.100000,0.200000,0.659191,-0.223209,0.101602
1754742186.525620,2.100000,0.200000,0.541706,0.012563,-0.018899
1754742186.549844,2.100000,0.200000,0.465142,0.189944,-0.098815
1754742186.649487,2.100000,0.200000,0.427193,1.120559,-0.576306
1754742186.674992,2.100000,0.200000,0.419604,0.998904,-0.522248
1754742186.699476,2.000000,0.100000,1.285230,0.526751,-0.272028
1754742186.725348,2.000000,0.000000,0.948225,0.184231,-0.102999
1754742186.749460,2.100000,0.100000,0.347718,1.243006,-0.645975
1754742186.775319,2.000000,0.000000,0.825338,0.747830,-0.364009
1754742186.799281,2.000000,-0.100000,0.825874,-0.434377,0.225133
1754742186.875069,1.900000,-0.200000,0.949998,-0.028977,0.003011
1754742186.899479,1.900000,-0.100000,0.400399,0.549212,-0.280518
1754742186.924684,1.900000,-0.300000,0.761223,-0.454574,0.207229
1754742186.949496,1.900000,-0.300000,0.897587,0.093840,-0.050061
1754742186.974944,1.900000,-0.500000,0.636935,-0.986803,0.486236
1754742186.999350,1.800000,-0.400000,0.979885,-0.047906,0.025618
1754742187.024694,1.800000,-0.400000,0.981717,0.660842,-0.333773
1754742187.049339,1.800000,-0.400000,0.607516,0.853048,-0.438395
1754742187.075079,1.800000,-0.400000,0.484625,1.129984,-0.575479
1754742187.099464,1.800000,-0.400000,0.262878,1.173305,-0.601295
1754742187.125016,1.700000,-0.600000,0.645980,-0.202790,0.082468
1754742187.149464,1.700000,-0.600000,0.614477,0.010811,-0.020309
1754742187.199371,1.600000,-0.600000,0.290117,0.882324,-0.469142
1754742187.224961,1.600000,-0.600000,0.488659,0.482174,-0.254026
1754742187.249469,1.600000,-0.600000,0.609800,1.093951,-0.567801
1754742187.275455,1.600000,-0.700000,0.505858,0.545985,-0.285057
1754742187.349385,1.500000,-0.900000,0.904468,-0.125136,0.051143
1754742187.399338,1.500000,-0.800000,0.415654,0.391432,-0.196134
1754742187.425997,1.400000,-0.900000,0.825264,0.673178,-0.336585
1754742187.449465,1.400000,-0.900000,0.466185,0.341662,-0.175375
1754742187.475113,1.400000,-0.800000,0.034681,0.745558,-0.395537
1754742187.499388,1.400000,-0.900000,0.271946,0.902853,-0.486544
1754742187.525058,1.400000,-0.900000,0.138671,0.848757,-0.460699
1754742187.549458,1.300000,-1.000000,0.612111,-0.077246,0.028139
1754742187.575059,1.300000,-1.000000,0.719870,-0.130121,0.049187
1754742187.599411,1.400000,-0.900000,0.113868,0.712348,-0.388223
1754742187.699303,1.400000,-0.900000,0.266018,0.346185,-0.202877
1754742187.725091,1.400000,-0.900000,0.263432,0.592154,-0.324946
1754742187.749528,1.300000,-1.000000,0.516418,0.389565,-0.208370
1754742187.774594,1.200000,-1.000000,0.913693,0.182394,-0.101706
1754742187.799485,1.200000,-1.000000,0.996431,0.357103,-0.190416
1754742187.875424,0.200000,0.800000,0.338055,0.252484,-0.132021
1754742187.899461,0.200000,0.800000,0.338055,0.252484,-0.132021
1754742187.925234,0.100000,0.800000,0.608149,0.064247,-0.039936
1754742187.949408,1.100000,-1.000000,0.814065,0.001124,-0.013015
1754742187.975455,1.100000,-1.000000,1.228761,-0.055136,0.025279
1754742187.999327,1.100000,-1.000000,1.219184,0.044609,-0.020611
1754742188.025175,1.100000,-1.100000,0.910339,-0.468694,0.220641
1754742188.049408,0.100000,0.800000,0.832314,0.210247,-0.119796
1754742188.075248,0.100000,0.900000,0.879252,-0.295019,0.137281
1754742188.099427,0.100000,0.900000,0.879252,-0.295019,0.137281
1754742188.125188,0.100000,0.900000,0.879252,-0.295019,0.137281
1754742188.149473,0.100000,0.900000,0.975287,-0.226194,0.101112
1754742188.175092,0.100000,0.900000,0.987343,-0.441472,0.219718
1754742188.199461,0.100000,0.900000,1.115309,-0.402945,0.194371
1754742188.225433,0.100000,0.900000,1.115309,-0.402945,0.194371
1754742188.249470,0.100000,0.900000,1.115309,-0.402945,0.194371
1754742188.275703,0.100000,0.900000,1.170729,-0.445398,0.209714
1754742188.299323,0.100000,0.900000,1.086668,-0.339001,0.155831
1754742188.325371,0.100000,0.900000,1.086668,-0.339001,0.155831
1754742188.349459,0.100000,0.900000,1.086668,-0.339001,0.155831
1754742188.375297,0.100000,0.900000,0.989477,-0.095044,0.042468
1754742188.399466,0.100000,0.900000,0.792860,0.084696,-0.043927
1754742188.425238,0.100000,0.900000,0.792860,0.084696,-0.043927
1754742188.449352,0.100000,0.900000,0.792860,0.084696,-0.043927
1754742188.475034,0.100000,0.900000,0.792860,0.084696,-0.043927
1754742188.499464,0.000000,0.900000,0.408579,-0.629609,0.335158
1754742188.526259,0.900000,-1.100000,0.349958,-0.081407,0.029869
1754742188.549419,0.900000,-1.100000,0.345588,0.014550,-0.021066
1754742188.574577,1.000000,-0.900000,0.043332,0.856236,-0.469216
1754742188.599494,0.900000,-0.900000,0.327119,0.364416,-0.218243
1754742188.625102,0.900000,-1.100000,0.369847,-0.122495,0.050569
1754742188.649467,0.900000,-1.100000,0.352871,-0.263244,0.129601
1754742188.675487,0.900000,-1.100000,0.478370,-0.216426,0.087387
1754742188.999483,0.800000,-1.200000,0.336875,-0.653080,0.321596
1754742189.024752,0.700000,-1.000000,0.952318,-0.027585,-0.000920
1754742189.049338,0.700000,-1.000000,1.152722,0.221395,-0.101031
1754742189.075561,0.700000,-1.100000,0.909200,-0.364026,0.164258
1754742189.099324,0.700000,-1.100000,0.811110,-0.049615,0.020499
1754742189.125247,0.700000,-1.100000,0.895199,-0.422562,0.194293
1754742189.149461,0.700000,-1.100000,0.808765,-0.353636,0.161243
1754742189.175020,0.700000,-1.100000,0.854248,-0.452572,0.207560
1754742189.199461,0.700000,-1.100000,0.833567,-0.291045,0.135835
1754742189.225668,0.700000,-1.100000,1.086458,-0.331414,0.151569
1754742189.249368,0.700000,-1.100000,0.680240,-0.106627,0.043288
1754742189.275295,0.600000,-1.100000,0.959636,-0.187500,0.067372
1754742189.299326,0.600000,-1.100000,1.150301,-0.434735,0.188430
1754742189.324988,0.600000,-1.100000,0.828650,-0.354862,0.162076
1754742189.349468,0.600000,-1.100000,1.095030,-0.283218,0.107249
1754742189.375616,0.600000,-1.000000,0.965836,0.245408,-0.130082
1754742189.399669,0.600000,-1.100000,0.884729,-0.111584,0.031496
1754742189.425223,0.600000,-1.000000,0.732600,0.170824,-0.107139
1754742189.449355,0.600000,-1.000000,0.831131,0.060621,-0.058513
1754742189.475453,0.600000,-1.000000,0.663584,0.142208,-0.086731
1754742189.499422,0.600000,-1.000000,0.638362,0.094130,-0.064145
1754742189.525251,0.600000,-0.900000,0.185531,0.898596,-0.480959
1754742189.549345,0.600000,-0.900000,0.241551,1.018277,-0.543134
1754742189.574980,0.600000,-0.900000,0.054959,0.810472,-0.432348
1754742189.624599,0.500000,-1.100000,0.488905,-0.237031,0.102825
1754742189.649343,0.500000,-1.100000,0.587538,-0.289878,0.128118
1754742189.749323,0.600000,-0.900000,0.208965,0.597369,-0.331954
1754742189.775040,0.600000,-0.900000,0.316210,0.106973,-0.084379
1754742189.824780,0.600000,-0.900000,0.241224,0.520170,-0.302297
1754742189.849468,0.600000,-0.900000,0.282674,0.296273,-0.186178
1754742189.974937,0.400000,-1.000000,0.714604,-0.148491,0.067389
1754742190.149440,0.400000,-0.900000,0.311320,0.524946,-0.271120
1754742190.224609,0.300000,-1.000000,0.660935,-0.163485,0.062807
1754742190.249461,0.300000,-1.000000,1.262633,-0.240227,0.097372
1754742190.275330,0.300000,-1.000000,1.384203,-0.200374,0.087679
1754742190.299477,0.300000,-1.000000,1.173730,-0.056961,0.018500
1754742190.325241,0.300000,-1.000000,0.749287,-0.077081,0.028454
1754742190.399348,0.300000,-1.000000,0.633358,-0.077099,0.026223
1754742190.549517,0.100000,-2.400000,0.382646,-0.178436,0.079261
1754742190.575440,0.200000,-1.000000,0.721076,-0.215617,0.100075
1754742190.599413,0.200000,-1.000000,0.721076,-0.215617,0.100075
1754742190.625001,0.200000,-1.000000,0.664757,0.030249,-0.017277
1754742190.649459,0.200000,-0.900000,0.534283,0.227561,-0.113050
1754742190.674625,0.100000,-2.400000,0.576160,-0.010037,-0.003273
1754742190.699337,0.100000,-2.400000,0.580254,-0.117052,0.049809
1754742190.724784,0.100000,-2.400000,0.546152,-0.216179,0.100352
1754742190.749463,0.200000,-1.000000,0.706625,0.153977,-0.080237
1754742190.775244,0.200000,-1.000000,0.706625,0.153977,-0.080237
1754742190.799429,0.100000,-2.400000,0.576160,-0.010037,-0.003273
1754742190.825235,0.100000,-2.400000,0.762939,-0.057275,0.010938
1754742190.849390,0.100000,-2.400000,0.575460,-0.142026,0.063652
1754742190.875144,0.100000,-2.400000,0.535469,0.094861,-0.055086
1754742190.899354,0.100000,-2.400000,0.780642,-0.263738,0.114293
1754742190.924957,0.100000,-2.400000,0.468312,-0.149266,0.067587
1754742190.949361,0.100000,-2.400000,0.506360,0.049304,-0.035413
1754742190.974982,0.100000,-2.400000,0.443049,-0.092511,0.043716
1754742190.999382,0.100000,-2.400000,0.576160,-0.010037,-0.003273
1754742191.025125,0.100000,-2.400000,0.580254,-0.117052,0.049809
1754742191.049465,0.100000,-2.500000,0.627459,0.187787,-0.100789
1754742191.074949,0.200000,-2.400000,0.848570,0.050269,-0.025732
1754742191.099363,0.100000,-2.400000,0.504254,-0.323544,0.159372
1754742191.125115,0.200000,-1.000000,0.706625,0.153977,-0.080237
1754742191.149389,0.100000,-2.400000,0.424820,-0.116377,0.056561
1754742191.175135,0.100000,-2.400000,0.530594,0.098812,-0.057992
1754742191.199383,0.100000,-2.400000,0.722955,-0.329938,0.155286
1754742191.225317,0.200000,-2.400000,0.623345,0.216997,-0.109839
1754742191.249385,0.200000,-1.000000,0.706625,0.153977,-0.080237
1754742191.275075,0.100000,-2.400000,0.469209,0.003950,-0.008062
1754742191.299426,0.100000,-2.400000,0.722955,-0.329938,0.155286
1754742191.325122,0.200000,-1.000000,0.706625,0.153977,-0.080237
1754742191.349400,0.100000,-2.400000,0.429728,0.183874,-0.102156
1754742191.375306,0.100000,-2.400000,0.393463,0.169694,-0.092730
1754742191.399300,0.100000,-2.400000,0.604338,0.082557,-0.053644
1754742191.425272,0.200000,-2.400000,0.560146,0.017966,-0.004109
1754742191.449463,0.100000,-2.400000,0.625604,-0.177614,0.081672
1754742191.474926,0.200000,-2.400000,0.423045,0.288595,-0.147057
1754742191.499464,0.100000,-2.400000,0.515420,-0.220561,0.105567
1754742191.525810,0.100000,-2.400000,0.646906,-0.297020,0.140747
1754742191.549387,0.100000,-2.400000,0.688281,-0.077178,0.027295
1754742191.575154,0.100000,-2.400000,0.437803,-0.156106,0.074412
1754742191.599462,0.100000,-2.400000,0.667609,0.060352,-0.038194
1754742191.624990,0.100000,-2.400000,0.595102,-0.028055,0.002818
1754742191.649467,0.200000,-2.400000,0.423045,0.288595,-0.147057
1754742191.675265,0.200000,-2.400000,0.379869,0.142483,-0.069931
1754742191.699357,0.100000,-2.400000,0.515420,-0.220561,0.105567
1754742191.725393,0.200000,-2.400000,0.323370,0.149830,-0.075466
1754742191.749359,0.100000,-2.400000,0.515420,-0.220561,0.105567
1754742191.774964,0.200000,-2.400000,0.323370,0.149830,-0.075466
1754742191.799461,0.200000,-2.400000,0.673584,0.214689,-0.106875
1754742191.825409,0.200000,-2.400000,0.471576,0.290932,-0.146088
1754742191.849488,0.200000,-0.900000,0.528292,0.594194,-0.301243
1754742191.875274,0.200000,-0.800000,0.727103,0.054808,-0.025990
1754742191.899385,0.200000,-0.800000,0.935109,0.124177,-0.062947
1754742191.925112,0.200000,-2.500000,0.532075,0.341749,-0.170150
1754742191.949464,0.200000,-0.800000,1.012613,0.437897,-0.226726
1754742191.975608,0.200000,-0.800000,1.047723,0.316756,-0.170035
1754742191.999416,0.200000,-0.800000,0.992536,0.517333,-0.269981
1754742192.025195,0.200000,-0.800000,1.028311,0.363058,-0.191397
1754742192.049330,0.200000,-0.800000,0.837561,0.338031,-0.182579
1754742192.075140,0.200000,-0.800000,1.065520,0.394736,-0.208681
1754742192.099354,0.200000,-0.800000,1.015689,0.367547,-0.194533
1754742192.125044,0.200000,-0.800000,0.837561,0.338031,-0.182579
1754742192.149376,0.200000,-0.800000,1.065520,0.394736,-0.208681
1754742192.174991,0.200000,-0.800000,1.047723,0.316756,-0.170035
1754742192.199385,0.200000,-0.800000,1.047723,0.316756,-0.170035
1754742192.225321,0.200000,-0.800000,1.015689,0.367547,-0.194533
1754742192.249466,0.200000,-0.800000,0.917535,0.404059,-0.212229
1754742192.274753,0.200000,-0.800000,1.019249,0.339075,-0.182289
1754742192.299335,0.200000,-0.800000,1.047723,0.316756,-0.170035
1754742192.325205,0.200000,-0.800000,0.999943,0.433923,-0.229912
1754742192.349313,0.200000,-0.800000,0.853794,0.442353,-0.233537
1754742192.374751,0.200000,-0.800000,1.065520,0.394736,-0.208681
1754742192.399465,0.200000,-0.800000,1.047723,0.316756,-0.170035
1754742192.425427,0.200000,-0.800000,1.015689,0.367547,-0.194533
1754742192.449382,0.200000,-0.800000,0.738912,0.558333,-0.284244
1754742192.475817,0.200000,-0.800000,0.715296,0.685919,-0.354580
1754742192.499444,0.200000,-0.800000,1.065520,0.394736,-0.208681
1754742192.525365,0.200000,-0.800000,0.890731,0.509609,-0.264213
1754742192.549304,0.200000,-0.800000,0.837260,0.688566,-0.351645
1754742192.575121,0.200000,-0.800000,0.874241,0.707197,-0.359326
1754742192.599327,0.200000,-0.800000,0.815984,0.916005,-0.463572
1754742192.624917,0.200000,-0.800000,0.903645,0.897265,-0.451043
1754742192.649323,0.200000,-0.800000,1.147331,0.850346,-0.429696
1754742192.675222,0.200000,-0.800000,1.099671,0.683783,-0.349265
1754742192.699402,0.200000,-0.800000,1.096730,0.730613,-0.364243
1754742192.725093,0.200000,-0.800000,1.356751,0.602188,-0.304757
1754742192.749394,0.200000,-0.800000,1.178761,1.162884,-0.588315
1754742192.775586,0.200000,-0.800000,0.869128,1.071268,-0.537795
1754742192.799491,0.200000,-0.800000,0.850159,0.812181,-0.412768
1754742192.825161,0.200000,-0.800000,0.920132,0.929252,-0.465441
1754742192.849467,0.200000,-0.700000,0.478452,0.872470,-0.440916
1754742192.874731,0.200000,-0.800000,0.384336,0.882522,-0.447060
1754742192.899328,0.200000,-0.800000,0.244686,0.437319,-0.230558
1754742192.924916,0.200000,-0.700000,0.536462,0.665814,-0.326269
1754742192.949456,0.200000,-0.700000,0.600082,0.191032,-0.099933
1754742192.974887,0.100000,-2.600000,0.669135,0.455577,-0.224168
1754742192.999340,0.100000,-2.600000,0.827422,0.434689,-0.211315
1754742193.025121,0.100000,-2.600000,0.827422,0.434689,-0.211315
1754742193.049478,0.100000,-0.700000,0.881039,-0.094679,0.022763
1754742193.075408,0.800000,-1.900000,1.077066,-0.425244,0.223247
1754742193.099361,0.800000,-1.900000,1.352251,-0.629908,0.328071
1754742193.125225,0.100000,-2.700000,0.502380,0.025146,-0.013835
1754742193.174568,0.100000,-2.700000,0.519257,0.101555,-0.053460
1754742193.275105,0.100000,-0.600000,0.552119,0.118595,-0.078707
1754742193.349464,0.200000,-0.500000,0.202164,0.332633,-0.197847
1754742193.424870,0.100000,-0.400000,0.420799,0.170389,-0.121093
1754742193.449470,0.100000,-0.400000,0.917578,0.290914,-0.180363
1754742193.476250,0.100000,-0.400000,0.636377,0.661182,-0.366721
1754742193.499497,0.100000,-0.400000,0.338983,0.780609,-0.429197
1754742193.524742,0.100000,-0.400000,0.184227,0.592715,-0.322842
1754742193.549465,0.100000,-0.300000,0.366379,0.283396,-0.153902
1754742193.575958,0.100000,-0.300000,0.627299,0.230343,-0.126596
1754742193.599401,0.100000,-0.300000,0.627299,0.230343,-0.126596
1754742193.625071,0.100000,-0.300000,0.870130,0.012827,-0.020240
1754742193.649346,0.100000,-0.300000,1.110496,-0.148571,0.051835
1754742193.674950,0.100000,-0.300000,1.077455,-0.283363,0.126272
1754742193.699359,0.100000,-0.300000,1.077455,-0.283363,0.126272
1754742193.725440,0.100000,-0.300000,1.171785,-0.234250,0.102526
1754742193.749462,0.100000,-0.300000,1.112936,-0.414144,0.195611
1754742193.775183,0.100000,-0.300000,1.072212,-0.065617,0.015517
1754742193.799409,0.100000,-0.300000,1.034939,-0.239078,0.102043
1754742193.825836,0.100000,-0.300000,1.077455,-0.283363,0.126272
1754742193.849484,0.100000,-0.300000,1.077455,-0.283363,0.126272
1754742193.875004,0.100000,-0.300000,1.136364,-0.382676,0.170134
1754742193.899389,0.100000,-0.300000,1.085015,-0.363504,0.159852
1754742193.925263,0.100000,-0.300000,1.129884,-0.293925,0.126661
1754742193.949832,0.100000,-0.300000,1.147565,-0.330762,0.141512
1754742193.974915,0.100000,-0.300000,1.085015,-0.363504,0.159852
1754742193.999343,0.100000,-0.300000,1.085015,-0.363504,0.159852
1754742194.025839,0.100000,-0.300000,1.085015,-0.363504,0.159852
1754742194.049399,0.100000,-0.400000,1.315157,0.083626,-0.070693
1754742194.075567,0.100000,-0.400000,1.304505,-0.130995,0.032930
1754742194.099388,0.100000,-0.400000,1.304505,-0.130995,0.032930
1754742194.125018,0.100000,-0.400000,1.304505,-0.130995,0.032930
1754742194.149332,0.100000,-0.400000,1.553875,-0.326864,0.131624
1754742194.174933,0.100000,-0.400000,1.400951,-0.525887,0.238086
1754742194.199342,0.100000,-0.300000,0.916453,-0.410879,0.196412
1754742194.224833,0.100000,-0.300000,0.955500,-0.758174,0.376228
1754742194.249387,0.100000,-0.300000,0.820134,-0.704557,0.354730
1754742194.275009,0.100000,-0.300000,0.820134,-0.704557,0.354730
1754742194.299392,0.100000,-0.300000,0.820134,-0.704557,0.354730
1754742194.325135,0.100000,-0.300000,0.820134,-0.704557,0.354730
1754742194.349330,0.100000,-0.300000,0.820134,-0.704557,0.354730
1754742194.374930,0.100000,-0.300000,0.820134,-0.704557,0.354730
1754742194.399334,0.100000,-0.300000,0.820134,-0.704557,0.354730
1754742194.425209,0.100000,-0.300000,0.820134,-0.704557,0.354730
1754742194.449339,0.100000,-0.300000,0.820134,-0.704557,0.354730
1754742194.475177,0.100000,-0.300000,0.820134,-0.704557,0.354730
1754742194.499342,0.100000,-0.300000,0.820134,-0.704557,0.354730
1754742194.525132,0.100000,-0.300000,0.820134,-0.704557,0.354730
1754742194.549349,0.100000,-0.300000,0.820134,-0.704557,0.354730
1754742194.574934,0.100000,-0.300000,0.820134,-0.704557,0.354730
1754742194.599361,0.100000,-0.300000,0.820134,-0.704557,0.354730
1754742194.625017,0.100000,-0.400000,0.810199,-0.259651,0.116926
1754742194.649320,0.000000,-0.300000,0.447496,-0.813371,0.433838
1754742194.674840,0.100000,-0.300000,0.820134,-0.704557,0.354730
1754742194.699419,0.100000,-0.300000,0.820134,-0.704557,0.354730
1754742194.725834,0.100000,-0.300000,0.820134,-0.704557,0.354730
1754742194.749397,0.100000,-0.300000,0.820134,-0.704557,0.354730
1754742194.775259,0.100000,-0.300000,0.820134,-0.704557,0.354730
1754742194.799485,0.100000,-0.300000,0.820134,-0.704557,0.354730
1754742194.824857,0.100000,-0.300000,0.820134,-0.704557,0.354730
1754742194.849347,0.100000,-0.300000,0.820134,-0.704557,0.354730
1754742194.875110,0.100000,-0.300000,0.820134,-0.704557,0.354730
1754742194.899530,0.100000,-0.300000,0.820134,-0.704557,0.354730
1754742194.924682,0.100000,-0.300000,0.820134,-0.704557,0.354730
1754742194.949334,0.100000,-0.400000,0.810199,-0.259651,0.116926
1754742194.975004,0.000000,-0.300000,0.447496,-0.813371,0.433838
1754742213.074984,2.900000,2.100000,0.576066,-0.107914,0.056333
1754742213.099428,2.800000,2.100000,0.654690,-0.222873,0.115092
1754742213.174899,2.800000,2.000000,0.859623,-0.431478,0.202295
1754742213.199490,2.700000,2.000000,1.026202,-0.257006,0.113599
1754742213.224820,2.700000,2.000000,0.941206,-0.961334,0.465111
1754742213.249380,2.600000,2.000000,1.384885,-0.419355,0.207855
1754742213.275479,2.600000,2.100000,1.022039,-0.138451,0.074841
1754742213.299353,2.500000,2.200000,1.010949,0.400636,-0.178314
1754742213.324845,2.500000,2.100000,0.499874,-0.032214,0.025072
1754742213.449394,2.400000,1.900000,0.864040,-0.276978,0.154120
1754742213.474742,0.100000,1.400000,0.348781,0.040488,-0.017501
1754742213.499328,2.400000,1.700000,0.922799,0.190845,-0.097995
1754742213.525219,0.100000,1.300000,0.717692,-0.406033,0.194044
1754742213.549357,0.100000,1.300000,0.601242,-0.190317,0.091477
1754742213.575243,2.500000,1.300000,0.851461,0.308509,-0.158597
1754742213.599414,0.100000,1.300000,0.498349,0.088695,-0.057589
1754742213.625112,0.100000,1.300000,0.867037,0.044131,-0.044343
1754742213.649444,2.500000,0.900000,0.878553,-0.048958,0.010614
1754742213.675209,2.500000,0.900000,0.994139,0.882068,-0.445380
1754742213.699347,2.500000,0.800000,0.824166,1.299874,-0.666676
1754742213.725353,2.500000,0.600000,0.417093,0.637955,-0.342030
1754742213.749384,2.400000,0.500000,0.938661,0.437643,-0.236655
1754742213.775151,2.400000,0.400000,0.954376,0.601763,-0.285789
1754742213.799475,2.400000,0.300000,0.919383,0.825676,-0.382331
1754742213.825059,2.300000,0.100000,0.854778,0.342730,-0.170760
1754742213.849518,2.300000,0.000000,1.375419,0.409241,-0.183487
1754742213.874867,2.200000,-0.100000,1.243817,1.117819,-0.556620
1754742213.899464,2.200000,-0.200000,0.834165,0.502011,-0.256534
1754742213.925125,2.200000,-0.200000,0.375633,1.032028,-0.524559
1754742213.975254,2.000000,-0.500000,0.333055,0.712708,-0.370594
1754742213.999463,2.000000,-0.600000,0.970021,1.373885,-0.689182
1754742214.025447,1.900000,-0.700000,0.503265,1.123593,-0.571197
1754742214.049434,1.800000,-0.900000,0.914718,0.433165,-0.234445
1754742214.075367,1.700000,-1.000000,0.965077,0.025826,-0.033178
1754742214.099477,1.700000,-0.900000,0.376087,0.727163,-0.397646
1754742214.125357,1.600000,-1.000000,0.232879,0.601821,-0.324672
1754742214.149410,1.500000,-1.000000,0.432103,0.156437,-0.085900
1754742214.175580,1.500000,-1.000000,0.610394,0.602195,-0.306465
1754742214.199350,1.500000,-1.000000,0.359184,0.596103,-0.306056
1754742214.224766,1.400000,-1.000000,0.372254,0.791524,-0.407028
1754742214.249425,1.400000,-1.000000,0.410257,0.929413,-0.471682
1754742214.299384,1.300000,-1.000000,-0.041976,1.117576,-0.594885
1754742214.375180,1.100000,-1.100000,0.835155,0.210386,-0.125439
1754742214.399405,0.100000,0.700000,0.638658,-0.156743,0.066140
1754742214.425655,1.000000,-1.100000,1.155682,0.032637,-0.038248
1754742214.449300,1.100000,-1.000000,0.768638,0.159065,-0.078722
1754742214.474955,1.000000,-0.900000,0.764660,0.707720,-0.370812
1754742214.499354,1.000000,-0.900000,0.794709,0.014065,-0.023196
1754742214.525220,1.000000,-0.900000,0.799162,-0.277758,0.125204
1754742214.549465,1.000000,-0.700000,0.466567,0.273084,-0.141713
1754742214.575251,1.000000,-0.800000,0.761459,-0.840236,0.402145
1754742214.599360,1.000000,-0.600000,0.747579,0.360860,-0.193172
1754742214.625531,0.900000,-0.700000,0.576449,-0.568685,0.265761
1754742214.649373,0.900000,-0.600000,0.470615,-0.357076,0.173480
1754742214.674946,0.900000,-0.600000,0.541822,-0.834025,0.414846
1754742214.699337,0.900000,-0.600000,0.431322,-1.258945,0.628671
1754742214.724670,0.900000,-0.500000,0.662957,-1.040906,0.495863
1754742214.775131,0.800000,-0.400000,0.722286,-1.103580,0.538505
1754742214.799329,0.700000,-0.100000,0.518510,0.946350,-0.477582
1754742214.825071,0.700000,-0.200000,0.677297,-0.857355,0.428476
1754742214.849386,0.600000,-0.100000,1.090991,-0.294977,0.127871
1754742214.874604,0.600000,0.000000,0.506120,0.092797,-0.050838
1754742214.899342,0.600000,-0.100000,0.603847,-0.767419,0.359408
1754742214.924656,0.500000,-0.100000,0.600782,-0.756424,0.357478
1754742214.975204,0.400000,0.200000,0.550007,0.356955,-0.179964
1754742215.025170,0.400000,0.000000,0.420239,-0.740792,0.368011
1754742215.049483,0.200000,0.100000,1.325038,-0.317079,0.139429
1754742215.075376,0.200000,0.100000,1.158148,-0.382436,0.158720
1754742215.099466,0.100000,0.200000,0.879102,-0.722472,0.352605
1754742215.125473,0.100000,0.200000,0.714000,-0.938053,0.474797
1754742215.149459,1.400000,1.000000,1.061322,0.173110,-0.084147
1754742215.175017,0.100000,0.200000,0.909091,-0.972790,0.456627
1754742215.199460,1.400000,1.000000,0.732297,-0.041882,0.029735
1754742215.225024,0.100000,0.200000,0.702960,-1.004721,0.510294
1754742215.249342,0.100000,0.200000,0.573437,-0.797621,0.394066
1754742215.275088,0.100000,0.200000,0.588922,-0.840149,0.413361
1754742215.299351,0.100000,0.200000,0.479520,-0.762286,0.382608
1754742215.325160,0.100000,0.200000,0.461066,-0.655656,0.332134
1754742215.349374,0.100000,0.200000,0.613702,-0.745118,0.365839
1754742215.375505,0.100000,0.200000,0.527386,-0.848266,0.427631
1754742215.399330,0.100000,0.200000,0.772976,-1.072930,0.538823
1754742215.424891,0.100000,0.200000,0.911714,-1.176469,0.582858
1754742215.449454,0.100000,0.200000,0.673481,-1.136708,0.579142
1754742215.475231,0.100000,0.200000,0.927118,-1.062739,0.532674
1754742215.499406,0.100000,0.200000,0.980242,-1.190658,0.592010
1754742215.524715,0.100000,0.200000,0.763781,-1.260672,0.644881
1754742215.549465,0.100000,0.200000,0.818091,-1.196542,0.607352
1754742215.575024,0.100000,0.200000,0.592800,-1.090706,0.563256
1754742215.599458,0.100000,0.200000,0.564608,-0.983378,0.513111
1754742215.625288,0.100000,0.200000,0.702694,-1.032180,0.536539
1754742215.649406,0.100000,0.200000,0.648813,-1.092269,0.569167
1754742215.675131,0.100000,0.100000,0.881858,-0.947367,0.475822
1754742215.699394,0.100000,0.200000,0.939793,-1.080363,0.538848
1754742215.724947,0.100000,0.200000,0.878281,-1.188970,0.597664
1754742215.749444,0.100000,0.100000,0.792134,-0.455199,0.230220
1754742215.774567,0.400000,0.400000,0.991111,0.200533,-0.108109
1754742215.799382,0.100000,0.200000,0.812140,-0.618157,0.314274
1754742215.825486,0.100000,0.200000,0.639596,-0.629939,0.319732
1754742215.849288,0.400000,0.500000,0.961400,-0.048647,0.017793
1754742215.874924,0.400000,0.500000,0.961400,-0.048647,0.017793
1754742215.899465,0.400000,0.500000,0.961400,-0.048647,0.017793
1754742215.925181,0.400000,0.500000,0.961400,-0.048647,0.017793
1754742215.949309,0.400000,0.500000,0.961400,-0.048647,0.017793
1754742215.975724,0.100000,0.200000,0.628551,-0.645460,0.327668
1754742215.999459,0.100000,0.200000,0.735916,-0.558200,0.282553
1754742216.025352,0.400000,0.500000,0.991672,-0.079074,0.033009
1754742216.049465,0.100000,0.200000,0.781357,-0.543560,0.270877
1754742216.075286,0.400000,0.500000,1.008141,-0.113349,0.051141
1754742216.099364,0.400000,0.500000,0.918216,-0.037492,0.015389
1754742216.124780,0.100000,0.200000,0.893973,-0.768850,0.387207
1754742216.149511,0.100000,0.200000,1.015980,-0.718068,0.358303
1754742216.175275,0.100000,0.200000,0.850237,-0.732608,0.369119
1754742216.199412,0.100000,0.200000,0.901511,-0.652481,0.329726
1754742216.225106,0.100000,0.200000,0.863177,-0.779780,0.393346
1754742216.249377,0.100000,0.200000,0.975817,-0.819672,0.406984
1754742216.274927,0.100000,0.200000,0.960564,-0.840977,0.419459
1754742216.299332,0.100000,0.200000,0.919410,-0.667684,0.336757
1754742216.325017,0.100000,0.200000,0.741730,-0.555418,0.277747
1754742216.349402,0.100000,0.200000,0.953992,-0.737111,0.372309
1754742216.374841,0.100000,0.200000,0.900286,-0.809162,0.406723
1754742216.399377,0.100000,0.200000,0.810501,-0.493948,0.249982
1754742216.425019,0.100000,0.200000,0.978796,-0.672731,0.337473
1754742216.449405,0.100000,0.200000,0.948074,-0.967397,0.482557
1754742216.475973,0.100000,0.200000,0.954171,-0.952846,0.477900
1754742216.499462,0.100000,0.200000,0.960564,-0.840977,0.419459
1754742216.525548,0.100000,0.200000,0.943372,-0.831229,0.414340
1754742216.549390,0.100000,0.200000,0.930705,-0.642618,0.323647
1754742216.575324,0.100000,0.200000,0.884855,-0.785959,0.396552
1754742216.599391,0.100000,0.200000,0.960564,-0.840977,0.419459
1754742216.625808,0.100000,0.200000,0.919410,-0.667684,0.336757
1754742216.649334,0.100000,0.200000,0.884855,-0.785959,0.396552
1754742216.675985,0.100000,0.200000,0.951049,-0.509553,0.254867
1754742216.699331,0.100000,0.200000,0.782130,-0.546674,0.274180
1754742216.725505,0.100000,0.200000,0.884855,-0.785959,0.396552
1754742216.749336,0.100000,0.200000,0.955548,-0.516554,0.257438
1754742216.775043,0.100000,0.200000,0.850828,-0.754634,0.383114
1754742216.799350,0.100000,0.200000,0.900286,-0.809162,0.406723
1754742216.824977,0.100000,0.200000,0.960564,-0.840977,0.419459
1754742216.849463,0.100000,0.200000,0.919410,-0.667684,0.336757
1754742216.874825,0.100000,0.200000,0.884855,-0.785959,0.396552
1754742216.899375,0.100000,0.200000,0.984184,-1.047370,0.520130
1754742216.924592,0.100000,0.200000,0.912392,-0.928039,0.465560
1754742216.949458,0.100000,0.200000,0.951049,-0.509554,0.254867
1754742216.974694,0.100000,0.200000,0.814538,-0.532608,0.269388
1754742216.999500,0.100000,0.200000,0.769891,-0.558082,0.280266
1754742217.024622,0.100000,0.200000,0.953992,-0.737111,0.372309
1754742217.049474,0.100000,0.200000,0.896208,-0.571986,0.289353
1754742226.999346,2.200000,2.800000,0.450493,-0.388893,0.199289
1754742227.425350,2.200000,2.800000,0.882912,0.087115,-0.036487
1754742227.876552,2.200000,2.900000,0.889223,0.001850,0.000171
1754742228.199463,2.200000,2.800000,0.757478,-0.160356,0.087163
1754742228.299402,2.300000,2.800000,0.899269,0.341581,-0.150271
1754742228.425292,2.300000,2.700000,1.147130,0.215642,-0.073583
1754742228.449389,2.300000,2.700000,1.239787,-0.179688,0.128123
1754742228.475614,2.400000,2.700000,1.040107,0.187232,-0.057815
1754742228.499416,2.300000,2.600000,0.667500,-0.301149,0.160856
1754742228.525804,2.400000,2.600000,0.572751,0.068589,-0.027506
1754742228.549390,2.400000,2.500000,0.475822,-0.397686,0.200129
1754742231.076453,2.800000,0.500000,0.915329,-0.138973,0.049127
1754742231.099532,2.800000,0.500000,0.660344,-0.342672,0.164257
1754742231.125490,2.800000,0.500000,0.669593,-0.792828,0.383595
1754742231.149459,2.700000,0.700000,0.775442,0.606057,-0.308240
1754742231.175623,2.700000,0.700000,0.987922,0.481875,-0.234926
1754742231.199325,2.700000,0.600000,0.623249,-0.261707,0.139594
1754742231.225231,2.700000,0.600000,0.591297,-0.678026,0.349409
1754742231.249327,2.700000,0.500000,0.553862,-0.755100,0.369691
1754742231.275548,2.600000,0.700000,0.354940,0.243897,-0.110709
1754742231.299358,2.600000,0.600000,0.672343,-0.513671,0.255909
1754742231.325643,2.600000,0.700000,0.802818,0.070356,-0.024628
1754742231.349333,2.600000,0.500000,0.541177,-0.414488,0.197851
1754742231.374986,2.600000,0.500000,0.578918,-0.296512,0.122971
1754742231.399329,2.600000,0.500000,0.397085,-0.520593,0.254768
1754742231.424831,2.600000,0.500000,0.487966,-0.487663,0.226529
1754742231.475128,2.500000,0.600000,0.499786,-0.377572,0.182657
1754742231.499385,2.500000,0.500000,0.499696,-0.352729,0.162178
1754742231.524805,2.500000,0.500000,0.286299,-0.610088,0.303013
1754742231.575361,2.500000,0.500000,0.273435,-0.592504,0.291943
1754742231.625420,2.400000,0.600000,1.148699,-0.107518,0.062523
1754742231.649405,2.300000,0.700000,0.549476,0.475797,-0.242138
1754742231.674907,2.300000,0.700000,0.858468,0.513891,-0.245863
1754742231.699505,2.300000,0.600000,0.548356,-0.216438,0.101102
1754742231.724990,2.300000,0.600000,1.072893,0.087190,-0.047445
1754742231.749422,2.300000,0.600000,0.582674,-0.262513,0.135315
1754742231.775390,2.300000,0.600000,0.484950,-0.540629,0.276457
1754742231.799467,2.200000,0.700000,0.653345,0.173124,-0.070133
1754742231.825051,2.200000,0.600000,0.920978,-0.261674,0.123516
1754742231.849434,2.200000,0.600000,0.647914,-0.499916,0.241087
1754742231.875344,2.200000,0.500000,0.513676,-0.507658,0.240661
1754742231.925022,2.100000,0.700000,0.368810,0.531219,-0.286587
1754742231.999467,2.100000,0.600000,0.623739,0.052670,-0.035674
1754742232.024789,2.100000,0.600000,0.529417,-0.041095,0.010564
1754742232.049338,2.100000,0.500000,0.300092,-0.529005,0.263429
1754742232.075128,2.000000,0.700000,0.663879,0.277833,-0.125903
1754742232.099385,2.000000,0.700000,0.679636,0.229739,-0.100953
1754742232.124871,2.000000,0.600000,0.670045,-0.341089,0.164110
1754742232.149322,1.900000,0.700000,0.629441,0.529891,-0.259842
1754742232.175343,1.900000,0.700000,0.931269,0.693016,-0.334305
1754742232.199338,1.900000,0.700000,1.203923,0.925955,-0.435370
1754742232.225275,1.900000,0.600000,0.875843,-0.243678,0.121411
1754742232.249319,1.900000,0.600000,0.633566,-0.792713,0.400356
1754742232.275370,1.800000,0.700000,0.865255,0.590153,-0.295223
1754742232.299370,1.800000,0.700000,0.928066,0.400253,-0.191454
1754742232.324743,1.800000,0.700000,0.802000,0.163966,-0.071894
1754742232.349462,1.800000,0.600000,0.575720,-0.268250,0.126997
1754742232.449395,1.700000,0.500000,0.352315,-0.470245,0.230810
1754742232.476088,1.700000,0.600000,0.457916,-0.149176,0.072197
1754742232.499466,1.600000,0.600000,0.758263,0.170717,-0.099028
1754742232.549472,1.500000,0.700000,0.608646,0.413368,-0.199403
1754742232.576742,1.500000,0.600000,0.507647,-0.278300,0.132602
1754742232.599405,1.500000,0.600000,0.674961,-0.186920,0.089176
1754742232.626014,1.500000,0.600000,0.762587,-0.375844,0.187597
1754742232.649348,1.500000,0.500000,0.385959,-0.828584,0.412533
1754742232.674834,1.400000,0.700000,0.706005,0.265929,-0.126363
1754742232.699327,1.400000,0.700000,0.591572,0.309053,-0.150671
1754742232.724840,1.400000,0.500000,0.390498,-0.568887,0.279426
1754742232.775793,1.300000,0.600000,0.693754,-0.338630,0.165423
1754742232.799381,1.200000,0.700000,0.539011,-0.087499,0.056538
1754742232.825077,1.200000,0.800000,0.946824,0.443452,-0.208569
1754742232.849455,1.200000,0.700000,0.695909,-0.861380,0.431202
1754742232.875316,0.100000,-1.100000,0.644661,0.209811,-0.115222
1754742232.899399,1.000000,1.000000,0.388768,0.378848,-0.188300
1754742232.925373,1.000000,0.900000,0.758410,-0.474417,0.234326
1754742232.949470,0.900000,0.900000,0.387494,-0.388224,0.196303
1754742232.975689,0.900000,0.900000,0.387367,-0.451720,0.226778
1754742233.025275,0.700000,1.100000,1.171451,0.093835,-0.021850
1754742233.049458,0.700000,1.000000,0.736565,-1.056173,0.522420
1754742233.075187,0.600000,1.100000,0.552877,-0.256691,0.115956
1754742233.099366,0.600000,1.100000,0.522375,-0.869727,0.418937
1754742233.126183,0.600000,1.100000,0.146197,-0.876546,0.448131
1754742233.149321,0.100000,-1.000000,0.474220,0.040062,-0.020987
1754742233.175284,0.300000,1.300000,0.792828,-0.417442,0.213529
1754742233.199463,0.100000,2.500000,0.839279,-0.187541,0.080111
1754742233.225181,0.100000,2.600000,0.968953,-0.588894,0.290850
1754742233.249460,0.100000,2.600000,1.036542,-0.740570,0.367801
1754742233.275464,0.100000,1.300000,0.701549,-0.648656,0.326325
1754742233.299285,0.100000,-0.800000,0.644138,0.503476,-0.279607
1754742233.325263,0.100000,1.300000,0.751940,-0.724475,0.371633
1754742233.349345,0.100000,1.300000,0.967100,-0.692872,0.349028
1754742233.376182,0.100000,1.300000,1.118573,-0.445675,0.211759
1754742233.475237,0.100000,-0.600000,0.430864,-0.183490,0.082274
1754742233.499459,0.100000,-0.700000,0.833305,-0.007431,-0.009491
1754742233.525668,0.100000,-0.600000,0.688238,-0.249749,0.127286
1754742233.549330,0.100000,-0.600000,0.257177,0.046745,-0.025813
1754742233.575910,0.100000,-0.600000,0.166719,-0.004165,-0.000022
1754742233.599459,0.100000,-0.600000,0.304875,-0.267980,0.135271
1754742233.625129,0.100000,-0.600000,0.433624,-0.195171,0.106845
1754742233.649465,0.100000,-0.600000,0.728889,-0.020858,0.019512
1754742233.675724,0.100000,-0.600000,0.410568,0.789226,-0.391110
1754742234.425397,0.100000,1.600000,0.779157,0.079558,-0.042261
1754742234.449330,0.100000,1.600000,0.756417,-0.204545,0.104692
1754742234.475323,0.100000,1.600000,0.621404,-0.248234,0.131979
1754742234.499328,0.000000,1.500000,1.149905,0.655448,-0.315696
1754742234.525271,0.100000,1.500000,1.060849,0.636161,-0.308851
1754742234.549516,0.100000,1.500000,0.834179,0.252132,-0.134121
1754742234.575365,0.100000,1.500000,0.759904,0.199213,-0.100640
1754742234.599467,0.100000,1.400000,1.133544,0.203284,-0.098178
1754742234.624996,0.100000,1.400000,1.293723,0.070597,-0.035149
1754742234.649381,0.100000,1.400000,0.955198,0.135628,-0.068119
1754742234.675708,0.100000,1.400000,0.610908,0.207047,-0.107166
1754742234.725132,0.100000,1.400000,0.681219,0.052692,-0.009348
1754742234.749468,0.100000,1.400000,0.565788,-0.334597,0.172442
1754742234.775289,0.100000,1.400000,0.395874,-0.009737,0.013995
1754742234.799474,0.100000,1.300000,0.722551,0.733768,-0.365516
1754742234.825523,0.200000,1.400000,1.001483,-0.166783,0.096695
1754742234.849341,0.200000,1.400000,0.543736,0.161323,-0.080655
1754742234.899327,0.200000,1.400000,0.623356,-0.161160,0.084640
1754742234.925811,0.100000,1.400000,0.610128,-0.824423,0.423350
1754742234.949359,0.100000,1.400000,0.698201,-1.025732,0.522705
1754742234.975289,0.100000,1.400000,0.560680,-0.776374,0.399350
1754742234.999329,0.100000,1.400000,0.403494,-0.694409,0.357058
1754742235.074838,0.100000,1.300000,0.446320,-0.074365,0.026427
1754742235.125487,0.100000,1.300000,0.576505,-0.071871,0.028290
1754742235.149368,0.100000,1.300000,0.643668,-0.358653,0.177915
1754742235.175857,0.100000,1.300000,0.638406,-0.320234,0.159639
1754742235.199379,0.100000,1.300000,0.648223,-0.320330,0.158220
1754742235.225254,0.100000,1.300000,0.511309,-0.207975,0.099692
1754742235.249521,0.100000,1.300000,0.562381,-0.091519,0.038502
1754742235.275516,0.100000,1.300000,0.582528,-0.285601,0.140014
1754742235.299421,0.100000,1.300000,0.631904,-0.183663,0.088126
1754742235.325355,0.100000,1.300000,0.631904,-0.183663,0.088126
1754742235.349470,0.100000,1.300000,0.537730,-0.158046,0.077186
1754742235.374561,0.100000,1.300000,0.454714,-0.221955,0.112403
1754742235.399352,0.100000,1.300000,0.555218,-0.121727,0.054872
1754742235.425312,0.100000,1.300000,0.631904,-0.183663,0.088126
1754742235.449332,0.100000,1.300000,0.537730,-0.158046,0.077186
1754742235.475437,0.100000,1.300000,0.533843,-0.267819,0.134256
1754742235.499351,0.100000,1.300000,0.533843,-0.267819,0.134256
1754742235.524673,0.100000,1.300000,0.582528,-0.285601,0.140014
1754742235.549407,0.100000,1.300000,0.631904,-0.183663,0.088126
1754742235.574523,0.100000,1.300000,0.537730,-0.158046,0.077186
1754742235.599397,0.100000,1.300000,0.533843,-0.267819,0.134256
1754742235.625506,0.100000,1.300000,0.533843,-0.267819,0.134256
1754742235.649307,0.100000,1.300000,0.533843,-0.267819,0.134256
1754742235.675041,0.100000,1.300000,0.561309,-0.385487,0.196514
1754742235.699507,0.100000,1.300000,0.604705,-0.372199,0.184996
1754742235.725533,0.100000,1.300000,0.537730,-0.158046,0.077186
1754742235.749461,0.100000,1.300000,0.533843,-0.267819,0.134256
1754742235.776096,0.100000,1.300000,0.533843,-0.267819,0.134256
1754742235.799437,0.100000,1.300000,0.561309,-0.385487,0.196514
1754742235.825198,0.100000,1.300000,0.573874,-0.369002,0.185830
1754742235.849456,0.100000,1.300000,0.579085,-0.335447,0.168020
1754742235.876400,0.100000,1.300000,0.577619,-0.356625,0.180947
1754742235.899329,0.100000,1.300000,0.596158,-0.359091,0.182650
1754742235.925314,0.100000,1.300000,0.596158,-0.359091,0.182650
1754742235.949317,0.100000,1.300000,0.596158,-0.359091,0.182650
1754742235.974777,0.100000,1.300000,0.596158,-0.359091,0.182650
1754742235.999542,0.100000,1.300000,0.596158,-0.359091,0.182650
1754742236.025432,0.100000,1.300000,0.596158,-0.359091,0.182650
1754742236.049312,0.100000,1.300000,0.596158,-0.359091,0.182650
1754742236.074873,0.100000,1.300000,0.596158,-0.359091,0.182650
1754742236.099480,0.100000,1.300000,0.596158,-0.359091,0.182650
1754742236.124507,0.100000,1.300000,0.596158,-0.359091,0.182650
1754742236.149303,0.100000,1.300000,0.596158,-0.359091,0.182650
1754742236.175366,0.100000,1.300000,0.596158,-0.359091,0.182650
1754742236.199357,0.100000,1.300000,0.596158,-0.359091,0.182650
1754742236.224762,0.100000,1.300000,0.596158,-0.359091,0.182650
1754742236.249462,0.100000,1.300000,0.596158,-0.359091,0.182650
1754742236.274802,0.100000,1.300000,0.596158,-0.359091,0.182650
1754742236.299475,0.100000,1.300000,0.596158,-0.359091,0.182650
1754742236.325404,0.100000,1.300000,0.592731,-0.418703,0.208014
1754742236.349463,0.200000,1.300000,0.740794,-0.208005,0.097491
1754742236.374983,0.200000,1.300000,0.723145,-0.173726,0.078967
1754742236.399387,0.000000,-2.300000,0.666871,0.023265,-0.015063
1754742236.425672,0.200000,1.300000,0.640088,-0.113642,0.046805
1754742236.449341,0.200000,1.300000,0.557064,-0.036382,0.008532
1754742236.475343,0.200000,1.300000,0.488879,-0.107052,0.045865
1754742236.499467,0.200000,1.300000,0.657460,-0.167523,0.077036
1754742236.525492,0.200000,1.300000,0.493651,-0.083671,0.032021
1754742236.549437,0.200000,1.300000,0.549178,-0.104177,0.042974
1754742236.775447,0.200000,1.300000,0.393589,-0.145508,0.075388
1754742237.275450,0.000000,-2.300000,0.361886,-0.322478,0.169885
1754742237.299479,0.100000,1.300000,0.168068,-0.601791,0.317012
1754742237.325247,0.100000,1.300000,0.168068,-0.601791,0.317012
1754742237.349464,0.100000,1.300000,0.168068,-0.601791,0.317012
1754742237.426615,0.100000,1.200000,0.417345,-0.631337,0.310950
1754742237.449464,0.100000,1.200000,0.391750,-0.816892,0.409315
1754742237.475133,0.100000,1.300000,0.296267,-0.568511,0.307518
1754742237.499506,0.100000,1.200000,0.304007,-0.652607,0.329350
1754742237.525639,0.100000,1.200000,0.498209,-0.645506,0.323732
1754742237.549469,0.100000,1.200000,0.717561,-0.729569,0.365272
1754742237.574849,0.100000,1.200000,0.464894,-0.667202,0.333492
1754742237.599461,0.100000,1.200000,0.760273,-0.775084,0.390975
1754742237.625557,0.200000,1.100000,0.379799,-0.744426,0.373627
1754742237.649340,0.200000,1.100000,0.220162,-0.876924,0.443080
1754742237.675655,0.200000,1.100000,0.352387,-1.109709,0.565882
1754742237.699350,0.200000,1.100000,0.328308,-1.023934,0.527346
1754742237.725264,0.100000,1.100000,0.782642,-0.845315,0.411955
1754742237.749291,0.100000,1.100000,0.647088,-0.724187,0.350916
1754742237.775097,0.200000,1.100000,0.361036,-0.854031,0.424731
1754742237.799384,0.100000,1.100000,0.600889,-0.971890,0.485655
1754742237.825965,0.100000,1.100000,0.517459,-0.759941,0.374090
1754742237.849474,0.100000,1.100000,0.588389,-0.849315,0.422748
1754742237.875220,0.100000,1.100000,0.595465,-0.683628,0.330210
1754742237.899415,0.200000,1.100000,0.478626,-0.931897,0.465263
1754742237.925065,0.100000,1.100000,0.595343,-0.536206,0.255500
1754742237.949324,0.100000,1.100000,0.700939,-0.765871,0.362755
1754742237.974870,0.100000,1.100000,0.695568,-0.817764,0.392982
1754742237.999335,0.100000,1.100000,0.677956,-0.916181,0.449644
1754742238.025867,0.100000,1.100000,0.678108,-0.484802,0.234040
1754742238.075245,0.100000,1.100000,0.774549,-0.682611,0.331468
1754742238.099399,0.100000,1.100000,0.437553,-0.604247,0.282950
1754742238.125518,0.100000,1.100000,0.465253,-0.465138,0.213134
1754742238.149442,0.100000,1.100000,0.588991,-0.637262,0.300589
1754742238.174945,0.100000,1.100000,0.677120,-0.764218,0.369900
1754742238.199385,0.100000,1.100000,0.489698,-0.464776,0.222816
1754742238.225779,0.100000,1.100000,0.590006,-0.576359,0.272901
1754742238.249353,0.100000,1.100000,0.677120,-0.764218,0.369900
1754742238.275088,0.100000,1.100000,0.642449,-0.382864,0.177526
1754742238.299356,0.100000,1.100000,0.710805,-0.524241,0.236095
1754742238.325094,0.100000,1.100000,0.677120,-0.764218,0.369900
1754742238.349375,0.100000,1.100000,0.390055,-0.659059,0.320052
1754742238.375742,0.100000,1.100000,0.587935,-0.618977,0.295425
1754742238.425563,0.100000,1.100000,0.707080,-0.743189,0.359247
1754742238.475386,0.100000,1.100000,0.444056,-0.424233,0.201083
1754742238.499319,0.100000,1.100000,0.637832,-0.383863,0.172148
1754742238.525446,0.100000,1.100000,0.536418,-0.230563,0.098029
1754742238.549487,0.100000,1.100000,0.801744,-0.945896,0.454662
1754742238.574987,0.100000,1.100000,0.616137,-0.839875,0.413837
1754742238.599396,0.100000,1.100000,0.570816,-0.864629,0.428794
1754742238.625152,0.100000,1.100000,0.523922,-0.651628,0.309448
1754742238.649342,0.100000,1.100000,0.406163,-0.535472,0.256027
1754742238.675325,0.100000,1.100000,0.709605,-0.943452,0.464973
1754742238.699386,0.100000,1.100000,0.733733,-0.311581,0.150489
1754742238.725747,0.200000,1.100000,0.373652,-0.745256,0.381946
1754742238.799327,0.200000,1.100000,0.190252,-0.582064,0.313052
1754742238.825563,0.200000,1.000000,0.292297,-1.002404,0.525630
1754742238.849392,0.200000,1.100000,0.284487,-0.892907,0.448090
1754742238.899455,0.200000,1.100000,0.292597,-0.633523,0.312006
1754742238.924852,0.200000,1.000000,0.340867,-0.606573,0.304993
1754742238.949342,0.200000,1.000000,0.449290,-0.807518,0.407909
1754742238.999470,0.100000,1.000000,0.489630,-0.285994,0.136183
1754742239.025782,0.100000,1.000000,0.656996,-0.247051,0.109519
1754742239.049286,0.100000,1.000000,0.583658,-0.432362,0.199004
1754742239.074997,0.100000,1.000000,1.067892,-0.451528,0.202795
1754742239.099464,0.100000,1.000000,1.013203,-0.521754,0.234835
1754742239.125318,0.100000,1.000000,0.943171,-0.688666,0.319154
1754742239.149285,0.100000,1.000000,1.224130,-0.577951,0.262340
1754742239.175519,0.100000,1.000000,1.356027,-0.618171,0.274204
1754742239.199460,0.100000,1.000000,1.057276,-0.488299,0.218424
1754742239.225243,0.100000,1.000000,0.528139,-0.174508,0.077930
1754742239.275495,0.100000,1.000000,0.602161,-0.254831,0.115738
1754742239.675573,0.100000,0.900000,0.602616,-0.141285,0.057154
1754742239.849348,0.100000,0.900000,0.477333,-0.189694,0.096404
1754742239.875260,0.200000,0.800000,0.530506,-0.679713,0.335054
1754742239.949340,0.100000,0.900000,0.520946,-0.123806,0.055871
1754742240.075572,0.100000,0.900000,0.537873,-0.211031,0.108190
1754742240.099421,0.100000,0.900000,0.455302,-0.263697,0.126007
1754742240.125293,0.100000,0.800000,0.630063,-0.331998,0.147366
1754742240.199328,0.100000,0.900000,0.464641,-0.121935,0.055626
1754742240.225646,0.100000,0.900000,0.626409,-0.286662,0.129279
1754742240.425863,0.400000,1.000000,0.716863,-0.006640,-0.003183
1754742240.499382,0.300000,1.000000,0.890597,0.310984,-0.164841
1754742240.525854,0.300000,1.000000,0.609400,0.558597,-0.283300
1754742240.549325,0.300000,1.000000,0.152511,0.492860,-0.266257
1754742240.599497,0.100000,0.700000,0.390189,-0.749667,0.370659
1754742240.625342,0.100000,0.700000,0.374765,-0.713602,0.351888
1754742240.649368,0.100000,0.700000,0.497298,-0.731149,0.364065
1754742240.674688,0.100000,0.700000,0.569453,-0.736858,0.366025
1754742240.699461,0.100000,0.700000,0.537272,-0.795994,0.395853
1754742240.724692,0.100000,0.700000,0.576455,-0.735654,0.363430
1754742240.749505,0.100000,0.700000,0.671721,-0.835283,0.413053
1754742240.775202,0.100000,0.700000,0.584316,-0.723686,0.357132
1754742240.799401,0.100000,0.600000,0.658314,-0.896238,0.446524
1754742240.825195,0.100000,0.600000,0.527875,-0.780737,0.395706
1754742240.849324,0.100000,0.700000,0.446329,-0.819501,0.407192
1754742240.875429,0.100000,0.600000,0.485537,-0.905233,0.462253
1754742240.899403,0.100000,0.600000,0.594468,-0.981549,0.501373
1754742240.926139,0.100000,0.600000,0.568454,-1.107679,0.564276
1754742240.949466,0.100000,0.600000,0.384449,-1.525442,0.781157
1754742240.975500,0.100000,0.700000,0.519011,-1.173577,0.597217
1754742240.999331,0.100000,0.700000,0.520191,-0.941193,0.477223
1754742241.025572,0.100000,0.700000,0.377978,-1.072157,0.546774
1754742241.049931,0.100000,0.600000,0.246762,-1.134541,0.581605
1754742241.075359,0.100000,0.700000,0.363626,-1.145744,0.585608
1754742241.099474,0.100000,0.600000,0.246762,-1.134541,0.581605
1754742241.125087,0.100000,0.700000,0.363626,-1.145744,0.585608
1754742241.149477,0.100000,0.600000,0.246762,-1.134541,0.581605
1754742241.175538,0.100000,0.700000,0.363626,-1.145744,0.585608
1754742241.199328,0.100000,0.700000,0.318917,-1.017199,0.520507
1754742241.225523,0.100000,0.600000,0.247150,-1.134706,0.581657
1754742241.249330,0.100000,0.600000,0.288447,-1.295485,0.664374
1754742241.275090,0.100000,0.700000,0.399889,-0.959298,0.484790
1754742241.299348,0.100000,0.600000,0.095122,-0.773246,0.401125
1754742241.325252,0.100000,0.700000,0.323472,-1.175095,0.605585
1754742241.349382,0.100000,0.700000,0.318917,-1.017199,0.520507
1754742241.375487,0.100000,0.600000,0.246762,-1.134541,0.581605
1754742241.399463,0.100000,0.700000,0.363626,-1.145744,0.585608
1754742241.425632,0.100000,0.700000,0.318917,-1.017199,0.520507
1754742241.449469,0.100000,0.600000,0.246803,-1.134924,0.581794
1754742241.475144,0.100000,0.700000,0.363626,-1.145744,0.585608
1754742241.499496,0.100000,0.600000,0.246762,-1.134541,0.581605
1754742241.525434,0.100000,0.700000,0.363626,-1.145744,0.585608
1754742241.549470,0.100000,0.600000,0.246803,-1.134924,0.581794
1754742241.575736,0.100000,0.700000,0.363626,-1.145744,0.585608
1754742241.599339,0.100000,0.700000,0.318917,-1.017199,0.520507
1754742241.625115,0.100000,0.600000,0.247150,-1.134706,0.581657
1754742241.649336,0.100000,0.600000,0.288447,-1.295485,0.664374
1754742241.675586,0.100000,0.600000,0.288404,-1.295139,0.664191
1754742241.699421,0.100000,0.600000,0.288404,-1.295139,0.664191
1754742241.725420,0.100000,0.700000,0.363626,-1.145744,0.585608
1754742241.749340,0.100000,0.600000,0.247150,-1.134706,0.581657
1754742241.775739,0.100000,0.600000,0.288447,-1.295485,0.664374
1754742241.799378,0.100000,0.700000,0.363626,-1.145744,0.585608
1754742241.825310,0.100000,0.700000,0.318917,-1.017199,0.520507
1754742265.899413,2.800000,-1.100000,0.880609,-0.558183,0.271337
1754742265.924830,2.700000,-1.100000,0.877366,1.152654,-0.591368
1754742265.949456,2.600000,-1.200000,0.725836,1.182304,-0.592616
1754742265.974527,2.500000,-1.400000,0.778691,0.060156,-0.052176
1754742266.025753,2.400000,-1.500000,0.440052,0.760158,-0.393672
1754742266.049404,0.100000,-1.300000,1.186316,-0.540438,0.243908
1754742266.074566,0.100000,-1.300000,1.289682,-0.155930,0.050949
1754742266.099522,2.000000,-1.900000,0.794512,0.444622,-0.242285
1754742266.125368,1.800000,-2.000000,0.632680,0.779308,-0.393949
1754742266.149397,1.800000,-2.100000,0.300940,0.777926,-0.423123
1754742266.175863,1.600000,-2.200000,0.416747,0.364393,-0.202663
1754742266.199475,1.500000,-2.200000,0.731604,0.801737,-0.412306
1754742266.225419,1.300000,-2.300000,0.735081,0.253125,-0.149215
1754742266.249401,1.300000,-2.400000,0.804597,0.758354,-0.410300
1754742266.275335,1.200000,-2.400000,0.474404,0.601269,-0.309113
1754742266.299459,1.100000,-2.500000,1.101255,0.024828,-0.026515
1754742266.325243,1.100000,-2.400000,0.873474,0.335918,-0.167448
1754742266.349360,1.000000,-2.400000,1.025963,0.062320,-0.030765
1754742266.375325,1.100000,-2.300000,0.960173,0.239573,-0.135590
1754742266.399821,1.100000,-2.300000,1.370629,0.243001,-0.141792
1754742266.425194,1.200000,-2.200000,1.027748,0.553411,-0.277733
1754742266.475339,1.300000,-2.000000,0.697023,0.821111,-0.434806
1754742266.499346,1.300000,-2.000000,0.647021,0.353537,-0.199575
1754742266.525259,1.300000,-1.900000,0.883825,0.245141,-0.137625
1754742266.549397,1.400000,-1.800000,0.770458,1.092867,-0.554551
1754742266.574874,1.400000,-1.800000,1.024650,0.489897,-0.259674
1754742266.599360,1.400000,-1.800000,0.886602,-0.131281,0.046530
1754742266.625213,1.400000,-1.600000,0.725844,-0.090033,0.029186
1754742266.649380,1.500000,-1.500000,0.267761,0.491965,-0.263262
1754742266.674792,1.500000,-1.500000,0.489544,0.510744,-0.268951
1754742266.699307,1.500000,-1.500000,0.805000,-0.349428,0.150957
1754742266.725152,1.500000,-1.400000,0.826751,-0.587090,0.282012
1754742266.749456,1.500000,-1.300000,1.269170,-0.320768,0.139014
1754742266.775558,1.500000,-1.100000,0.834109,0.163535,-0.090568
1754742266.799463,1.500000,-1.100000,1.118789,0.036796,-0.040560
1754742266.825497,1.500000,-1.000000,0.998158,-0.004754,-0.008483
1754742266.849690,1.500000,-1.000000,0.549973,-0.275812,0.149566
1754742266.875299,1.500000,-0.800000,0.682392,0.275891,-0.136250
1754742266.899462,1.400000,-0.800000,0.700699,-0.138084,0.060249
1754742266.925266,1.400000,-0.600000,0.722919,0.652166,-0.324498
1754742266.949435,1.400000,-0.700000,0.725085,-0.402137,0.165859
1754742266.975030,1.400000,-0.500000,0.750833,0.212712,-0.105838
1754742266.999430,1.400000,-0.500000,0.575142,-0.610664,0.300210
1754742267.024890,1.300000,-0.300000,0.686313,0.133389,-0.077162
1754742267.049331,1.300000,-0.300000,0.615461,-0.409121,0.180507
1754742267.074698,1.300000,-0.300000,0.632881,-0.889742,0.442051
1754742267.099417,1.200000,-0.100000,0.847541,0.414734,-0.199784
1754742267.125223,0.100000,-1.900000,0.799832,-0.275387,0.132038
1754742267.149322,0.100000,-1.800000,0.928389,-0.692693,0.344379
1754742267.175015,0.100000,-1.800000,1.144340,-0.973578,0.471682
1754742267.199339,0.100000,-1.800000,1.113452,-0.720042,0.357086
1754742267.224903,0.100000,-1.700000,0.869937,-1.040356,0.498089
1754742267.249365,0.100000,-1.700000,0.803565,-0.173847,0.064438
1754742267.275539,0.100000,-1.700000,0.805788,0.214280,-0.131184
1754742267.299372,0.800000,0.300000,0.692355,-0.605156,0.305065
1754742267.324568,0.700000,0.400000,1.451150,-0.050727,0.014105
1754742267.349310,0.100000,-1.600000,0.742086,-0.460808,0.214981
1754742267.375337,0.600000,0.600000,0.458793,0.346454,-0.168882
1754742267.399491,0.500000,0.600000,0.792727,0.119837,-0.055420
1754742267.424930,0.500000,0.500000,0.529527,-0.554424,0.282012
1754742267.474669,0.300000,0.700000,1.295831,0.187742,-0.053784
1754742267.499458,0.300000,0.700000,0.712874,-0.469123,0.242515
1754742267.524813,0.100000,2.000000,0.589350,-0.231696,0.093351
1754742267.549522,0.100000,2.000000,0.798440,-0.331903,0.168832
1754742267.575497,0.100000,0.700000,0.711052,-1.073135,0.518353
1754742267.625594,0.100000,0.700000,0.882026,-0.381694,0.178334
1754742267.649411,0.100000,0.700000,0.905162,-0.272243,0.132077
1754742267.675373,0.100000,0.800000,0.957078,-0.712424,0.350273
1754742267.875414,0.200000,-1.100000,0.513327,-0.094872,0.042422
1754742267.899345,0.100000,-1.200000,0.722078,0.127391,-0.086800
1754742267.925302,0.100000,-1.200000,0.171928,0.745074,-0.403563
1754742267.949399,0.000000,-1.300000,0.301848,1.314217,-0.663486
1754742352.399464,2.800000,0.200000,0.886903,0.642046,-0.332143
1754742352.425356,2.700000,0.200000,0.832533,-0.356365,0.174202
1754742352.449472,2.700000,0.400000,0.994241,-0.013941,0.001937
1754742352.475294,2.600000,0.400000,0.779380,-0.814674,0.395350
1754742352.499463,2.600000,0.700000,0.619606,0.901122,-0.454830
1754742352.525440,2.500000,0.600000,0.624442,-0.053590,0.009222
1754742352.549444,2.500000,0.500000,0.591381,-0.509568,0.249614
1754742352.575291,2.500000,0.500000,0.441296,-0.510472,0.250988
1754742352.599416,2.400000,0.600000,1.070997,0.109956,-0.057043
1754742352.625342,2.400000,0.500000,0.742373,-0.511692,0.249584
1754742352.649487,2.300000,0.600000,0.443853,-0.138944,0.071079
1754742352.675407,2.300000,0.500000,0.488675,-1.124837,0.572822
1754742352.699460,2.200000,0.600000,0.535179,-0.443111,0.216998
1754742352.725273,2.200000,0.500000,0.763681,-0.862486,0.409637
1754742352.774814,2.100000,0.600000,0.643934,-0.152878,0.061759
1754742352.799461,2.100000,0.500000,0.343419,-0.727530,0.363530
1754742352.825346,2.000000,0.500000,0.346616,-1.011224,0.523372
1754742352.849463,2.000000,0.500000,0.503801,-0.571975,0.274437
1754742352.875323,0.100000,-0.900000,0.653481,0.120594,-0.099200
1754742352.899459,1.900000,0.500000,0.515277,-1.021200,0.515706
1754742352.925394,1.800000,0.500000,0.482977,-0.711960,0.340492
1754742352.949455,1.800000,0.500000,0.524803,-0.565430,0.267657
1754742352.974952,1.700000,0.500000,0.458615,-0.486718,0.238314
1754742352.999304,1.700000,0.500000,0.395635,-0.399706,0.187900
1754742353.025299,1.700000,0.500000,0.093804,-0.687568,0.357947
1754742353.049462,1.600000,0.500000,0.235664,-0.670393,0.345224
1754742353.075292,1.500000,0.600000,0.784392,0.166590,-0.074106
1754742353.099327,1.500000,0.600000,0.587445,-0.677191,0.345810
1754742353.124696,1.500000,0.500000,0.577414,-1.007836,0.508311
1754742353.149345,1.400000,0.600000,0.352261,-0.432175,0.219147
1754742353.175018,1.400000,0.500000,0.568996,-0.673626,0.323487
1754742353.199416,0.100000,-1.100000,1.003722,-0.461483,0.215776
1754742353.224975,0.100000,-1.100000,1.132251,-0.437792,0.204569
1754742353.275314,1.200000,0.500000,0.166230,-0.847648,0.447641
1754742353.299341,1.100000,0.700000,0.542699,0.120992,-0.037759
1754742353.324748,1.100000,0.600000,0.433832,-0.556112,0.281884
1754742353.349459,1.100000,0.600000,0.258199,-1.419488,0.722762
1754742353.375303,1.000000,0.700000,0.368997,-1.166597,0.579274
1754742353.525372,0.500000,1.000000,0.345975,-0.849619,0.449028
1754742353.549456,0.300000,1.100000,1.141050,-0.262729,0.137270
1754742353.575538,0.200000,1.100000,1.399482,-0.475716,0.198656
1754742353.599458,0.100000,2.600000,1.154198,-0.842104,0.425209
1754742353.624798,0.100000,1.100000,0.522857,-0.415016,0.194395
1754742353.649323,0.100000,1.100000,0.256239,-0.962336,0.491730
1754742353.799492,0.100000,1.000000,0.428864,-0.622709,0.324227
1754742353.825090,0.100000,1.000000,0.414036,-0.796851,0.406279
1754742353.849465,0.100000,1.000000,0.625417,-0.988970,0.496800
1754742353.875448,0.100000,1.300000,0.837166,0.131744,-0.084212
1754742353.899493,0.100000,1.300000,1.062293,-0.204529,0.087980
1754742353.924633,0.100000,0.900000,0.530515,-0.482360,0.252415
1754742353.949458,0.100000,0.900000,0.402291,-0.413001,0.219446
1754742353.975350,0.100000,0.800000,0.626621,-0.110440,0.052237
1754742353.999324,0.100000,0.800000,0.644910,-0.897779,0.447039
1754742354.025519,0.100000,0.800000,0.562382,-0.977006,0.489130
1754742354.049316,0.100000,0.800000,0.727422,-0.909842,0.452699
1754742354.075343,0.200000,0.700000,0.448807,-0.677396,0.319724
1754742354.099333,0.100000,1.000000,1.046529,0.270870,-0.118079
1754742354.124947,0.200000,0.700000,0.281723,-0.331616,0.159154
1754742354.149473,0.200000,0.700000,0.504221,-0.411822,0.193612
1754742354.175390,0.200000,0.700000,0.622552,-0.379885,0.180007
1754742354.199404,0.200000,0.700000,0.344792,-0.502280,0.257181
1754742354.224869,0.200000,0.700000,0.391379,-0.397714,0.206222
1754742354.249490,0.100000,0.600000,0.723843,-0.386761,0.191560
1754742354.274882,0.100000,0.600000,0.845911,-0.917889,0.470915
1754742354.299326,0.100000,0.600000,1.052600,-0.532869,0.284585
1754742354.324861,0.100000,0.600000,1.056714,-0.168530,0.079884
1754742354.349347,0.200000,0.600000,1.018199,0.072549,-0.040130
1754742354.375091,0.100000,0.500000,0.637277,-0.546364,0.282993
1754742354.399344,0.100000,0.500000,0.787553,0.124280,-0.065003
1754742354.424869,0.100000,0.500000,0.604748,-0.194314,0.104340
1754742354.449394,0.100000,0.500000,1.053496,0.198740,-0.096512
1754742354.475194,0.100000,0.500000,1.362352,0.190181,-0.107867
1754742354.499408,0.100000,0.500000,1.249435,-0.397972,0.186126
1754742354.524518,0.100000,0.500000,1.062935,-0.292238,0.127077
1754742354.549450,0.100000,0.500000,0.977938,-0.438722,0.208095
1754742354.575360,0.100000,0.500000,1.080193,-0.151561,0.056662
1754742354.599337,0.100000,0.500000,1.381048,-0.208111,0.075801
1754742354.624566,0.100000,0.500000,1.014883,-0.006450,-0.019246
1754742354.649461,0.100000,0.500000,0.853907,-0.039218,-0.002577
1754742354.675324,0.100000,0.500000,0.451455,-0.753155,0.372265
1754742354.699458,0.100000,0.500000,0.758956,0.033781,-0.030523
1754742354.725537,0.100000,0.500000,0.395698,-0.439406,0.212336
1754742354.749485,0.100000,0.600000,0.621117,-0.266438,0.121530
1754742354.774806,0.000000,0.500000,0.629926,-0.093196,0.046965
1754742354.875290,0.100000,0.500000,0.868347,-0.376968,0.180907
1754742354.899349,0.100000,0.500000,0.592491,-0.229460,0.115986
1754742432.175020,2.500000,-1.800000,0.476527,-0.202061,0.096371
1754742432.974838,2.600000,-1.600000,-0.006308,0.630598,-0.340455
1754742433.125329,2.500000,-1.600000,0.032853,0.799055,-0.431913
1754742433.249401,2.400000,-1.800000,0.649820,-0.259605,0.124309
1754742433.324862,2.400000,-1.800000,0.520419,-0.360136,0.175243
1754742433.349350,2.400000,-1.800000,0.988811,-0.336167,0.175029
1754742433.376543,2.400000,-1.800000,0.678547,-0.000478,-0.001404
1754742433.399464,2.400000,-1.600000,0.352269,0.604894,-0.316309
1754742433.499345,2.300000,-1.800000,1.098757,-0.240430,0.089906
1754742433.525399,2.300000,-1.800000,1.166714,-0.259850,0.112429
1754742433.549356,2.300000,-1.800000,1.117421,-0.411906,0.199283
1754742433.576117,2.300000,-1.800000,1.030448,-0.457886,0.206279
1754742433.599368,2.300000,-1.800000,0.713500,-0.418196,0.197078
1754742433.624527,2.300000,-1.700000,0.760783,0.285224,-0.146266
1754742433.649344,2.200000,-1.800000,1.212891,-0.158190,0.079955
1754742433.675513,2.200000,-1.800000,0.964457,-0.758297,0.370068
1754742433.699390,2.200000,-1.800000,0.822743,-0.663178,0.331597
1754742433.725214,2.200000,-1.800000,0.754144,-0.613708,0.297924
1754742433.749368,2.200000,-1.800000,0.625412,-0.421713,0.201923
1754742433.799429,2.200000,-1.700000,0.475783,0.436384,-0.237982
1754742433.825097,2.200000,-1.600000,0.341819,0.607218,-0.318114
1754742433.874664,2.100000,-1.800000,0.691331,-0.322016,0.141805
1754742433.899365,2.100000,-1.800000,0.773189,-0.178438,0.072043
1754742434.075291,2.000000,-1.800000,1.051634,-0.719352,0.350886
1754742434.175520,1.900000,-1.800000,0.829287,-0.525723,0.225526
1754742434.199451,1.900000,-1.800000,1.198317,-0.424891,0.181497
1754742434.225033,1.900000,-1.800000,0.876953,-0.550423,0.256851
1754742434.249359,1.900000,-1.800000,1.138284,-0.690298,0.340382
1754742434.275427,1.900000,-1.800000,1.164501,-0.627863,0.294501
1754742434.299346,1.900000,-1.800000,0.713500,-0.418196,0.197078
1754742434.349333,1.800000,-1.700000,0.499600,-0.346816,0.168594
1754742434.374933,1.800000,-1.800000,0.764345,-0.673205,0.326260
1754742434.399359,1.800000,-1.800000,0.522898,-0.434437,0.206239
1754742434.524866,1.700000,-1.800000,0.621038,-0.399547,0.171370
1754742434.549345,1.700000,-1.800000,0.754182,-0.446968,0.198827
1754742434.574662,1.700000,-1.800000,0.567358,-0.252092,0.107744
1754742434.699305,1.600000,-1.800000,0.618670,-0.537696,0.269247
1754742434.749302,1.600000,-1.700000,0.824844,0.485785,-0.251803
1754742434.849396,1.500000,-1.800000,1.123608,-0.479364,0.201435
1754742434.875416,1.500000,-1.800000,1.155860,-0.413477,0.170565
1754742434.899334,1.500000,-1.700000,0.847711,-0.008916,-0.026839
1754742434.925672,1.400000,-1.700000,0.763289,0.100353,-0.067478
1754742434.949320,1.500000,-1.800000,0.852065,-0.053413,0.018108
1754742434.975795,1.400000,-1.800000,0.895471,-0.295801,0.145517
1754742434.999388,1.400000,-1.800000,1.034904,-0.317686,0.151347
1754742435.025593,1.400000,-1.800000,0.982239,-0.438738,0.215195
1754742435.049312,1.400000,-1.700000,0.835276,0.170845,-0.100362
1754742435.075311,1.400000,-1.700000,0.764845,0.020486,-0.033025
1754742435.099383,1.400000,-1.700000,0.562099,0.358400,-0.205615
1754742435.125067,1.400000,-1.700000,0.504017,0.346855,-0.193901
1754742435.149425,1.400000,-1.600000,0.113677,0.760992,-0.404958
1754742435.175767,1.400000,-1.600000,0.129827,0.828282,-0.442437
1754742435.199354,1.300000,-1.800000,0.837883,-0.229051,0.092006
1754742435.225179,1.300000,-1.800000,0.613566,-0.196863,0.084299
1754742435.299431,1.300000,-1.600000,0.254914,0.689703,-0.376423
1754742435.325563,1.400000,-1.600000,-0.157888,1.021560,-0.551199
1754742435.375363,1.200000,-1.800000,1.192204,-0.680961,0.333621
1754742435.499351,1.100000,-1.800000,0.636685,-0.231075,0.089026
1754742435.525515,1.100000,-1.800000,1.177788,-0.569812,0.256895
1754742435.549351,1.100000,-1.700000,1.239360,-0.247888,0.094897
1754742435.575006,1.100000,-1.800000,0.988158,-0.101503,0.040508
1754742435.599333,1.100000,-1.800000,0.759609,-0.207169,0.092550
1754742435.699336,1.000000,-1.800000,1.052253,-0.019667,0.011761
1754742435.725392,1.000000,-1.700000,0.523198,-0.047766,0.020175
1754742435.749552,1.100000,-1.600000,0.562299,0.400633,-0.197199
1754742435.775322,1.100000,-1.600000,0.874390,0.279776,-0.139831
1754742435.799321,1.000000,-1.600000,0.859717,0.265345,-0.116864
1754742435.825115,1.100000,-1.600000,1.137728,0.311719,-0.137651
1754742435.875131,1.100000,-1.500000,0.938394,0.674490,-0.336227
1754742435.925005,1.100000,-1.500000,0.786904,0.167960,-0.089301
1754742435.949321,1.100000,-1.500000,1.118857,-0.218126,0.087518
1754742435.975709,1.100000,-1.500000,1.383589,-0.129360,0.046689
1754742435.999281,1.100000,-1.500000,1.249044,-0.056171,0.020178
1754742436.025263,1.100000,-1.400000,0.867968,0.017822,-0.009846
1754742436.049363,1.100000,-1.400000,0.682106,0.209050,-0.097392
1754742436.074920,1.100000,-1.500000,0.842427,0.028114,-0.014388
1754742436.124548,1.000000,-1.500000,0.656898,0.124866,-0.064480
1754742436.149399,1.000000,-1.500000,0.982491,-0.149922,0.058433
1754742436.175578,0.900000,-1.500000,0.535121,-0.138332,0.056450
1754742436.225616,1.000000,-1.400000,0.325150,0.496401,-0.256643
1754742436.299470,0.900000,-1.500000,0.463111,-0.299143,0.138409
1754742436.325098,0.900000,-1.500000,0.298922,-0.118876,0.041343
1754742436.375149,1.000000,-1.300000,-0.291885,1.201308,-0.643504
1754742436.549425,0.700000,-1.500000,0.703761,-0.093284,0.046295
1754742436.624905,0.700000,-1.500000,0.626418,0.220503,-0.102701
1754742436.649365,0.700000,-1.500000,1.115252,0.208568,-0.098668
1754742436.675655,0.700000,-1.500000,0.945129,0.011542,-0.004558
1754742436.699330,0.700000,-1.500000,0.835292,-0.009221,0.005047
1754742436.725324,0.700000,-1.400000,0.562916,0.269265,-0.126301
1754742436.775388,0.600000,-1.500000,0.806987,-0.063759,0.018992
1754742436.799459,0.600000,-1.500000,1.210124,0.018382,-0.016798
1754742436.825395,0.600000,-1.400000,0.705892,0.395574,-0.203006
1754742436.849397,0.600000,-1.400000,0.309034,0.614118,-0.319088
1754742436.875786,0.600000,-1.300000,0.075825,0.865769,-0.456126
1754742436.899451,0.600000,-1.400000,0.177126,0.733106,-0.387930
1754742436.925284,0.600000,-1.300000,0.080625,0.874333,-0.463877
1754742436.949410,0.500000,-1.500000,0.548865,-0.204081,0.082904
1754742437.099470,0.500000,-1.400000,0.411896,0.457299,-0.240266
1754742437.125394,0.300000,-1.500000,0.770888,-0.217835,0.095068
1754742437.249333,0.300000,-1.400000,0.677281,-0.109309,0.040653
1754742437.649400,0.200000,-2.300000,0.430143,-0.174408,0.095981
1754742437.675575,0.200000,-2.300000,0.504649,-0.123546,0.063436
1754742437.699417,0.100000,-2.300000,0.354253,-0.478621,0.256826
1754742437.725006,0.100000,-2.300000,0.462067,-0.799166,0.417967
1754742437.749308,0.100000,-2.300000,0.411484,-0.754844,0.399316
1754742437.775520,0.100000,-2.300000,0.643952,-0.723142,0.368705
1754742437.799352,0.100000,-2.300000,0.784786,-0.454346,0.223663
1754742437.825150,0.100000,-2.300000,0.398918,-0.433698,0.222080
1754742437.875586,0.100000,-1.200000,0.659525,0.289717,-0.169422
1754742437.899396,0.100000,-1.100000,0.316034,0.862817,-0.460827
1754742437.949348,0.100000,-1.400000,0.180737,-0.750204,0.375261
1754742437.975075,0.100000,-1.100000,0.217788,0.751164,-0.404404
1754742437.999462,0.100000,-1.100000,0.366024,1.432029,-0.764210
1754742438.025632,0.100000,-1.100000,0.280119,1.112624,-0.594333
1754742438.049313,0.100000,-1.100000,0.396631,0.859955,-0.455497
1754742438.075425,0.100000,-1.100000,0.443829,0.693829,-0.362880
1754742438.099313,0.100000,-1.100000,0.523053,0.699152,-0.369795
1754742438.125156,0.100000,-1.100000,0.792963,0.425881,-0.227413
1754742438.149447,0.100000,-1.100000,0.794128,0.138113,-0.086892
1754742438.175704,0.100000,-1.100000,1.278558,0.056069,-0.040414
1754742438.199470,0.100000,-1.100000,1.323559,-0.344791,0.154861
1754742438.225618,0.100000,-1.100000,1.274509,-0.595583,0.286488
1754742438.249419,0.100000,-1.100000,1.416319,-0.722284,0.350192
1754742438.275105,0.100000,-1.100000,1.307998,-0.688970,0.334295
1754742438.299459,0.100000,-1.100000,1.274021,-0.593465,0.280761
1754742438.325212,0.100000,-1.100000,1.009913,-0.034832,0.001497
1754742438.349411,0.100000,-1.100000,1.086668,-0.339001,0.155831
1754742438.375250,0.100000,-1.100000,0.955500,-0.758174,0.376228
1754742438.399338,0.100000,-1.100000,0.820134,-0.704557,0.354730
1754742438.425349,0.100000,1.000000,0.907463,-0.525087,0.253949
1754742438.449328,0.100000,1.000000,0.796170,-0.629996,0.310835
1754742438.475538,0.200000,1.000000,0.854763,-0.248396,0.120936
1754742438.499367,0.200000,1.000000,0.854763,-0.248396,0.120936
1754742438.526158,0.100000,1.000000,1.121471,-0.664579,0.322126
1754742438.549312,0.100000,1.000000,1.177650,0.220687,-0.111896
1754742438.575185,0.100000,1.000000,0.764592,-0.183122,0.087324
1754742438.599337,0.100000,1.000000,0.319659,-0.417894,0.201434
1754742438.624783,0.100000,-1.200000,0.668767,-0.333748,0.170392
1754742438.649411,0.100000,-1.200000,0.756417,-0.204545,0.104692
1754742438.675440,0.100000,-1.200000,0.756417,-0.204545,0.104692
1754742438.699462,0.100000,-1.200000,0.756417,-0.204545,0.104692
1754742438.775408,0.100000,-1.200000,0.756417,-0.204545,0.104692
1754742438.799468,0.100000,-1.200000,0.756417,-0.204545,0.104692
1754742438.849399,0.000000,-1.100000,0.751597,-0.380330,0.190871
1754742438.925472,0.000000,-1.100000,0.751597,-0.380330,0.190871
1754742438.949346,0.000000,-1.100000,0.830025,-0.237474,0.115707
1754742438.975365,0.000000,-1.100000,0.830025,-0.237474,0.115707
1754742438.999455,0.000000,-1.100000,0.830025,-0.237474,0.115707
1754742439.025563,0.000000,-1.100000,0.830025,-0.237474,0.115707
1754742439.049362,0.000000,-1.100000,0.830025,-0.237474,0.115707
1754742439.074839,0.000000,-1.100000,0.830025,-0.237474,0.115707
1754742439.099434,0.000000,-1.100000,0.830025,-0.237474,0.115707
1754742439.125200,0.000000,-1.100000,0.830025,-0.237474,0.115707
1754742439.149353,0.000000,-1.100000,0.830025,-0.237474,0.115707
1754742439.175471,0.000000,-1.100000,0.624645,-0.105083,0.059794
1754742439.199459,0.000000,-1.000000,0.486809,-0.246545,0.128601
1754742444.275274,0.000000,-1.300000,0.740725,-0.078300,0.044228
1754742444.299392,0.000000,-1.300000,0.684745,0.157876,-0.065590
1754742444.325184,0.100000,-1.200000,0.924325,-0.027743,0.010677
1754742444.349723,0.100000,-1.200000,0.802214,-0.093643,0.044404
1754742444.449409,0.100000,-1.200000,0.668767,-0.333748,0.170392
1754742444.474558,0.100000,-1.200000,0.756417,-0.204545,0.104692
1754742444.499321,0.100000,-1.100000,0.805922,-0.532111,0.265871
1754742444.525337,0.100000,-1.200000,1.017109,0.206602,-0.119167
1754742444.549441,0.100000,-1.200000,1.004885,-0.254867,0.122505
1754742444.574699,0.100000,-1.200000,1.033738,-0.603129,0.295412
1754742444.599466,0.100000,-1.200000,0.704912,-0.767866,0.380951
1754742444.625307,0.000000,-1.100000,0.447496,-0.813371,0.433838
1754742444.649369,0.100000,-1.100000,0.820134,-0.704557,0.354730
1754742444.674785,0.100000,-1.100000,0.724382,-0.544089,0.268841
1754742444.699465,0.100000,-1.100000,0.635147,-0.487212,0.240306
1754742444.725340,0.100000,-1.200000,1.501216,-0.199245,0.080533
1754742444.749318,0.100000,-1.200000,1.234426,-0.281770,0.123295
1754742444.775662,0.100000,-1.100000,0.916453,-0.410879,0.196412
1754742444.799440,0.100000,-1.100000,1.086668,-0.339001,0.155831
1754742444.825289,0.100000,-1.100000,1.386102,-0.855541,0.411634
1754742444.849337,0.100000,-1.100000,1.125544,-0.564495,0.261834
1754742444.875382,0.100000,-1.100000,1.346489,-0.576425,0.274276
1754742444.899419,0.100000,-1.100000,1.083270,-0.281716,0.128316
1754742444.925268,0.100000,-1.100000,1.146360,-0.514799,0.244153
1754742444.949370,0.100000,-1.100000,1.038532,-0.639028,0.310057
1754742444.974841,0.100000,-1.100000,1.038532,-0.639028,0.310057
1754742444.999407,0.100000,-1.100000,1.261702,-0.780581,0.384458
1754742445.025095,0.100000,-1.100000,1.131621,-0.398946,0.186154
1754742445.049404,0.100000,-1.100000,1.472503,-0.417947,0.195955
1754742445.074924,0.100000,-1.100000,1.183442,-0.433968,0.194403
1754742445.099342,0.100000,-1.100000,1.038532,-0.639028,0.310057
1754742445.125178,0.100000,-1.100000,1.087404,-0.638457,0.314116
1754742445.149343,0.100000,-1.100000,1.130142,-0.663665,0.321454
1754742445.175392,0.100000,-1.100000,1.087404,-0.638457,0.314116
1754742445.199405,0.100000,-1.100000,0.832968,-0.540504,0.269402
1754742445.225357,0.100000,-1.100000,1.014453,-0.354498,0.166652
1754742445.249306,0.100000,-1.100000,1.065693,-0.519100,0.250167
1754742445.275328,0.100000,-1.100000,0.949262,-0.173586,0.080800
1754742445.299369,0.100000,-1.100000,0.573164,-0.148594,0.063391
1754742445.324538,0.100000,-1.100000,0.771819,-0.157723,0.068718
1754742445.349404,0.100000,-1.100000,0.780363,-0.230751,0.105488
1754742445.375330,0.100000,-1.100000,0.616918,-0.185406,0.084955
1754742445.399403,0.100000,-1.100000,0.771819,-0.157723,0.068718
1754742445.424889,0.100000,-1.100000,0.780363,-0.230751,0.105488
1754742445.449407,0.100000,-1.100000,0.780363,-0.230751,0.105488
1754742445.475715,0.100000,-1.100000,0.616918,-0.185406,0.084955
1754742445.499346,0.100000,-1.100000,0.520734,-0.115396,0.050672
1754742445.525353,0.100000,-1.100000,0.540087,-0.176587,0.076989
1754742445.549372,0.100000,-1.100000,0.520734,-0.115396,0.050672
1754742445.575789,0.200000,-1.100000,0.765681,0.292134,-0.157258
1754742445.599441,0.200000,-1.100000,0.618313,0.127172,-0.079852
1754742445.625343,0.200000,-1.100000,0.795799,-0.332042,0.145984
1754742445.649395,0.200000,-1.100000,0.786721,-0.320701,0.141273
1754742445.699331,0.200000,-1.100000,0.850390,0.074752,-0.062649
1754742445.725360,0.200000,-1.100000,0.698638,0.259542,-0.157106
1754742445.749457,0.200000,-1.100000,0.600585,-0.022993,-0.016182
1754742445.775301,0.200000,-1.100000,0.617293,-0.085880,0.024354
1754742445.799339,0.200000,-1.100000,0.408735,0.398946,-0.229042
1754742445.825178,0.200000,-1.100000,0.533504,0.163051,-0.120119
1754742445.849392,0.200000,-1.100000,0.468161,0.228308,-0.144941
1754742445.874617,0.200000,-1.100000,0.469152,0.102817,-0.084869
1754742445.899474,0.200000,-1.100000,0.450051,0.419801,-0.228108
1754742445.925061,0.200000,-1.100000,0.546818,0.445117,-0.247491
1754742445.949434,0.200000,-1.100000,0.295173,0.344893,-0.183498
1754742445.974896,0.200000,-1.100000,0.281402,0.609218,-0.331331
1754742445.999337,0.200000,-1.100000,0.166967,0.534368,-0.288468
1754742446.049429,0.100000,-1.100000,0.615267,0.800064,-0.428301
1754742446.075038,0.100000,-1.100000,0.518656,0.662635,-0.356720
1754742446.099352,0.100000,-1.100000,0.530271,0.625988,-0.336032
1754742446.124856,0.100000,-1.100000,0.516052,0.251643,-0.146100
1754742446.149400,0.100000,-1.100000,0.516052,0.251643,-0.146100
1754742446.175173,0.100000,-1.100000,0.505095,0.244735,-0.140049
1754742446.199343,0.100000,-1.100000,0.538713,0.245870,-0.144312
1754742446.224662,0.100000,-1.100000,0.664384,0.405412,-0.221302
1754742446.249338,0.100000,-1.100000,0.332946,0.865228,-0.457858
1754742446.275824,0.100000,-1.100000,0.236163,0.964426,-0.499294
1754742446.299317,0.100000,-1.100000,0.136879,1.002118,-0.522633
1754742446.325120,0.100000,-1.100000,0.136879,1.002118,-0.522633
1754742446.349433,0.100000,-1.100000,0.517104,1.078938,-0.567997
1754742446.375758,0.100000,-1.100000,0.458437,0.967706,-0.505478
1754742446.425354,0.100000,-1.100000,0.274541,0.922466,-0.483629
1754742446.449394,0.100000,-1.100000,0.432311,1.103395,-0.575563
1754742446.475538,0.100000,-1.100000,0.622736,0.940044,-0.495194
1754742446.499461,0.100000,-1.100000,0.757690,0.789406,-0.417356
1754742446.525426,0.100000,-1.100000,0.582201,0.934080,-0.488955
1754742446.549454,0.100000,-1.100000,0.535949,1.038605,-0.546444
1754742446.575351,0.100000,-1.100000,0.643154,0.900492,-0.474040
1754742446.599431,0.100000,-1.100000,0.643154,0.900492,-0.474040
1754742446.625610,0.100000,-1.100000,0.614912,0.810820,-0.423591
1754742446.725096,0.100000,-1.100000,0.233067,0.689307,-0.353415
1754742446.749470,0.100000,-1.100000,0.452450,0.425900,-0.215892
1754742446.775336,0.100000,-1.100000,0.361623,0.586392,-0.303980
1754742446.799431,0.100000,-1.400000,0.490457,-0.551372,0.266324
1754742446.825372,0.100000,-1.400000,0.490457,-0.551372,0.266324
1754742446.849407,0.100000,-1.100000,0.426687,0.979111,-0.508832
1754742446.875143,0.100000,-1.100000,0.356197,0.807939,-0.423322
1754742446.899319,0.100000,-1.100000,0.503550,1.032676,-0.540529
1754742446.925491,0.100000,-1.100000,0.373727,1.155271,-0.598971
1754742446.949378,0.100000,-1.100000,0.270230,0.991480,-0.518239
1754742446.975770,0.100000,-1.100000,0.309508,0.819044,-0.426362
1754742446.999324,0.100000,-1.200000,0.454607,0.732975,-0.400134
1754742447.025179,0.100000,-1.100000,0.353937,1.005671,-0.520620
1754742447.049420,0.100000,-1.100000,0.314778,0.893464,-0.468724
1754742447.075165,0.100000,-1.100000,0.177532,1.008731,-0.524334
1754742447.099464,0.100000,-1.200000,0.302197,0.757606,-0.400910
1754742447.125219,0.100000,-1.400000,0.388241,-0.559302,0.281894
1754742447.175266,0.100000,-1.200000,0.413177,0.729881,-0.386715
1754742447.199397,0.100000,-1.300000,0.745099,-0.065230,0.003482
1754742447.224991,0.100000,-1.100000,0.376680,0.686109,-0.353023
1754742447.249339,0.100000,-1.100000,0.352149,0.896061,-0.475044
1754742447.275868,0.100000,-1.100000,0.184128,0.974986,-0.517065
1754742447.299365,0.100000,-1.100000,0.105043,1.025168,-0.536779
1754742447.324598,0.100000,-1.200000,0.421554,0.696674,-0.366922
1754742447.349372,0.100000,-1.100000,0.400819,0.710534,-0.373283
1754742447.375498,0.100000,-1.100000,0.332929,0.999378,-0.522967
1754742447.399396,0.100000,-1.100000,0.352969,0.914009,-0.477398
1754742447.425032,0.100000,-1.100000,0.358596,0.908035,-0.477972
1754742447.449337,0.100000,-1.100000,0.399164,0.839405,-0.434096
1754742447.474914,0.100000,-1.200000,0.709903,0.534086,-0.290209
1754742468.225192,0.000000,-2.000000,0.573473,-0.208886,0.097092
1754742468.524925,0.000000,-2.000000,0.581209,-0.159464,0.071012
1754742469.449331,0.000000,-2.000000,0.581209,-0.159464,0.071012
1754742471.925255,2.700000,2.700000,0.736979,-0.323410,0.164674
1754742471.975246,2.600000,2.700000,0.601095,-0.511678,0.245679
1754742471.999666,2.600000,2.700000,1.016846,-0.849601,0.401414
1754742472.025300,2.500000,2.700000,0.548256,-0.611530,0.291182
1754742472.099488,2.300000,2.700000,0.887624,-0.952466,0.475128
1754742472.125376,2.200000,2.700000,0.700515,-1.286000,0.634525
1754742472.149337,2.200000,2.700000,0.676246,-1.476665,0.717655
1754742472.174963,2.200000,2.700000,0.482002,-0.632651,0.318734
1754742472.199435,2.100000,2.600000,1.239224,-0.563172,0.252239
1754742472.224973,2.200000,2.500000,1.652356,-0.079582,0.049714
1754742472.249311,0.100000,1.800000,0.779705,-0.230765,0.128387
1754742472.275323,2.300000,2.200000,1.338809,-0.328618,0.138597
1754742472.299484,0.100000,1.700000,0.661113,-0.451689,0.224279
1754742472.325099,0.200000,1.700000,0.742473,0.350406,-0.194385
1754742472.350764,2.500000,1.700000,0.781162,-0.106760,0.043875
1754742472.375301,2.500000,1.500000,0.995280,0.535114,-0.279120
1754742472.399486,2.600000,1.300000,0.775844,-0.193115,0.087161
1754742472.425463,2.600000,1.100000,0.906505,-0.149092,0.056862
1754742472.449410,2.600000,1.000000,0.802978,0.142999,-0.081580
1754742472.475325,2.600000,0.800000,0.656177,0.557386,-0.281013
1754742472.499501,2.600000,0.500000,0.576423,-0.512840,0.241269
1754742472.525328,2.500000,0.500000,0.679050,0.132435,-0.075727
1754742472.549467,2.500000,0.400000,0.459814,0.294133,-0.159000
1754742472.575313,2.500000,0.100000,0.650068,-0.363882,0.156637
1754742472.599449,2.400000,0.000000,1.149352,-0.036916,0.018365
1754742472.624824,2.400000,0.000000,0.471173,1.005593,-0.492146
1754742472.649345,2.300000,-0.200000,0.844579,0.060091,-0.036373
1754742472.676252,2.300000,-0.200000,0.380401,1.206893,-0.603588
1754742472.699382,2.200000,-0.400000,0.780735,0.279717,-0.147254
1754742472.724923,2.200000,-0.500000,0.626486,-0.390849,0.174973
1754742472.749316,2.100000,-0.500000,0.344566,-0.423240,0.199160
1754742472.775743,2.100000,-0.300000,0.357067,0.484413,-0.264025
1754742472.825298,2.000000,-0.400000,0.956005,0.465895,-0.234114
1754742472.849418,2.000000,-0.500000,0.757658,-0.368101,0.177313
1754742472.875396,2.000000,-0.500000,0.425767,-0.466524,0.250895
1754742472.925213,1.900000,-0.500000,1.012452,-0.459124,0.219248
1754742472.949399,1.900000,-0.400000,0.773568,0.387481,-0.178113
1754742472.975038,1.800000,-0.400000,0.647604,0.461655,-0.233099
1754742472.999347,1.800000,-0.500000,1.111116,-0.232987,0.095908
1754742473.024792,1.800000,-0.500000,0.953140,-0.623065,0.286355
1754742473.049312,1.800000,-0.300000,0.369832,0.728528,-0.369201
1754742473.074866,1.800000,-0.600000,0.263266,-1.038052,0.539929
1754742473.099391,1.800000,-0.600000,0.143704,-1.074867,0.563388
1754742473.124856,1.800000,-0.600000,0.208017,-1.232199,0.641510
1754742473.149307,1.800000,-0.600000,0.371548,-0.798476,0.406702
1754742473.175094,1.800000,-0.600000,0.361380,-0.961449,0.498526
1754742473.199347,1.700000,-0.500000,0.432472,-0.417964,0.197168
1754742473.224994,1.700000,-0.300000,0.259637,0.583956,-0.308926
1754742473.775380,1.700000,-0.600000,0.397939,-0.655256,0.326039
1754742473.799330,1.700000,-0.600000,0.483767,-0.895283,0.441827
1754742473.825251,1.700000,-0.600000,0.339633,-0.758009,0.380699
1754742473.849409,1.700000,-0.300000,0.307852,0.723260,-0.384739
1754742473.874890,1.700000,-0.600000,0.438909,-0.592490,0.297039
1754742473.899367,1.700000,-0.600000,0.497035,-0.406267,0.199050
1754742473.924964,1.700000,-0.400000,0.436976,0.651624,-0.334343
1754742473.949315,1.700000,-0.400000,0.276225,0.508397,-0.256035
1754742473.975274,1.700000,-0.400000,0.280662,0.677715,-0.343916
1754742473.999339,1.700000,-0.400000,0.491559,0.912742,-0.466734
1754742474.025646,1.700000,-0.400000,0.318679,0.918169,-0.470906
1754742474.049455,1.700000,-0.400000,0.416133,0.828002,-0.427060
1754742474.075590,1.700000,-0.400000,0.393413,0.747780,-0.378608
1754742474.099436,1.700000,-0.400000,0.468119,0.898449,-0.460918
1754742474.125016,1.700000,-0.400000,0.420050,0.852356,-0.440246
1754742474.149346,1.700000,-0.400000,0.399299,0.917821,-0.475867
1754742474.175366,1.600000,-0.500000,0.544953,0.361624,-0.172210
1754742474.199347,1.700000,-0.400000,0.373062,0.898008,-0.458384
1754742474.224824,1.700000,-0.400000,0.403183,1.087671,-0.567196
1754742474.249330,1.700000,-0.400000,0.357178,0.929092,-0.480110
1754742474.275126,1.600000,-0.600000,1.096763,-0.490198,0.254575
1754742474.299405,1.600000,-0.500000,0.817131,0.273192,-0.131954
1754742474.325372,1.600000,-0.600000,0.973950,-0.193627,0.107295
1754742474.349385,1.600000,-0.600000,0.785073,-0.373044,0.190507
1754742474.374944,1.600000,-0.600000,0.569861,-0.252129,0.124487
1754742474.399397,1.600000,-0.500000,0.593287,0.700807,-0.342966
1754742474.425271,1.600000,-0.500000,0.491469,0.881133,-0.442157
1754742474.449347,1.600000,-0.500000,0.428946,0.960604,-0.489778
1754742474.475296,1.600000,-0.500000,0.561819,0.929975,-0.471786
1754742474.499351,1.600000,-0.500000,0.472278,0.987274,-0.502222
1754742474.525568,1.600000,-0.500000,0.382531,1.139158,-0.579787
1754742474.549465,1.600000,-0.500000,0.145200,0.926210,-0.477841
1754742474.575390,1.500000,-0.600000,0.772459,0.360472,-0.185582
1754742474.775109,1.500000,-0.600000,0.883251,0.068405,-0.023344
1754742474.799376,1.600000,-0.500000,0.502480,0.787072,-0.394255
1754742474.825007,1.900000,-0.700000,0.523676,-0.211474,0.079210
1754742474.849472,1.500000,-0.700000,0.962014,-0.110418,0.055714
1754742474.875322,1.500000,-0.600000,0.703669,0.309073,-0.154824
1754742474.899469,1.500000,-0.700000,0.606167,-0.161266,0.067041
1754742474.975180,1.500000,-0.600000,0.716577,0.222168,-0.116093
1754742474.999468,0.100000,1.000000,0.273492,-0.605692,0.301911
1754742475.024609,1.500000,-0.700000,0.731694,-0.353026,0.154682
1754742475.049340,1.500000,-0.700000,1.055419,-0.258948,0.109406
1754742475.075164,1.500000,-0.700000,1.135670,-0.238165,0.101927
1754742475.099468,1.500000,-0.700000,0.921472,-0.128190,0.054338
1754742475.125416,1.500000,-0.800000,0.858378,-0.457337,0.215258
1754742475.149328,1.500000,-0.600000,0.428549,0.613768,-0.303531
1754742475.174927,1.500000,-0.700000,0.824809,-0.161518,0.066782
1754742475.199459,1.500000,-0.700000,0.568831,0.648800,-0.330864
1754742475.225423,1.400000,-0.800000,0.961543,0.121780,-0.066051
1754742475.249326,1.400000,-0.800000,0.910372,0.424401,-0.221788
1754742475.275386,1.400000,-0.900000,0.522299,-0.451645,0.213721
1754742475.299409,1.400000,-0.700000,0.161721,0.770034,-0.402872
1754742475.325115,1.300000,-0.800000,0.572075,0.627055,-0.330616
1754742475.349346,1.300000,-0.800000,0.310016,0.433900,-0.234352
1754742475.425289,1.100000,-1.000000,1.010131,0.145962,-0.068993
1754742475.449313,1.100000,-1.100000,0.799998,0.403313,-0.209832
1754742475.475444,1.000000,-1.100000,0.723643,0.331101,-0.179949
1754742475.499469,1.000000,-1.100000,0.384342,0.693402,-0.366533
1754742475.525365,0.900000,-1.100000,0.652552,0.726797,-0.382486
1754742475.599352,0.700000,-1.200000,0.630355,0.373899,-0.180970
1754742475.625194,0.200000,0.900000,0.798723,-0.089881,0.049563
1754742475.649327,0.600000,-1.200000,0.587175,0.687584,-0.354471
1754742475.675546,0.100000,0.900000,0.895359,-0.971765,0.488605
1754742475.699328,0.100000,0.900000,1.157278,-0.675310,0.341246
1754742475.725142,0.500000,-1.200000,0.445912,0.814688,-0.426410
1754742475.749527,0.500000,-1.200000,0.353427,0.641613,-0.325762
1754742475.775362,0.100000,1.000000,0.762840,0.367322,-0.174629
1754742475.799466,0.100000,-2.500000,0.536192,-0.253226,0.119592
1754742475.825082,0.200000,-1.100000,0.603448,0.684465,-0.339645
1754742475.849333,0.100000,-1.200000,0.672727,0.192944,-0.113721
1754742475.874872,0.100000,-1.100000,0.660446,-0.113784,0.039212
1754742475.899485,0.100000,-1.100000,0.561652,0.566473,-0.303189
1754742475.925355,0.100000,-1.100000,0.494194,0.474658,-0.261113
1754742475.949316,0.100000,-1.100000,0.377280,0.430372,-0.228393
1754742475.974998,0.100000,-1.100000,0.755569,0.393161,-0.213389
1754742475.999393,0.100000,-1.200000,0.773811,-0.431137,0.199747
1754742566.699325,2.800000,1.700000,0.479189,-0.426555,0.221545
1754742566.725537,2.700000,1.900000,0.712624,0.513328,-0.240084
1754742566.749709,2.700000,1.700000,0.637365,-0.304653,0.140293
1754742566.775326,2.700000,1.700000,0.755593,-0.444226,0.212246
1754742566.799283,2.600000,1.700000,0.762035,-0.159499,0.079893
1754742566.825857,2.500000,1.700000,0.585533,-0.196656,0.099881
1754742566.925353,2.300000,1.800000,0.592933,0.102576,-0.046561
1754742566.949347,2.200000,1.700000,0.960777,0.032607,-0.033524
1754742566.975282,2.200000,1.700000,0.967979,-0.405562,0.191515
1754742566.999352,2.100000,1.700000,0.783569,-0.428961,0.223568
1754742567.049474,2.000000,1.700000,0.705069,-0.291082,0.137982
1754742567.075354,1.900000,1.600000,0.688840,-1.024791,0.483291
1754742567.099473,1.800000,1.700000,0.726916,-0.829882,0.397918
1754742567.124623,1.800000,1.700000,0.671694,-0.699404,0.328798
1754742567.149357,1.700000,1.700000,0.550820,-0.543604,0.274615
1754742567.199463,1.700000,1.800000,0.558987,0.696089,-0.350762
1754742567.225813,1.700000,1.400000,0.556721,-0.404275,0.185286
1754742567.249393,1.600000,1.500000,0.941427,0.063879,-0.002380
1754742567.275128,1.600000,1.400000,1.217974,1.013473,-0.498173
1754742567.299371,1.700000,1.100000,0.314094,-0.678894,0.339584
1754742567.324850,1.700000,0.900000,0.864877,-0.247825,0.107091
1754742567.349481,1.600000,1.000000,0.688666,0.652328,-0.340140
1754742567.374984,1.600000,0.900000,1.155140,0.834107,-0.396252
1754742567.399333,1.600000,0.800000,0.722675,0.307609,-0.129453
1754742567.425937,1.500000,0.700000,1.061090,-0.157683,0.084297
1754742567.449631,1.500000,0.600000,0.246545,-1.108110,0.577385
1754742567.475338,1.300000,0.600000,0.564114,-0.362631,0.174714
1754742567.525900,1.300000,0.500000,0.165139,-0.633112,0.332164
1754742567.549510,1.100000,0.600000,0.834155,-0.327955,0.154217
1754742567.575885,1.100000,0.600000,0.664054,-0.466641,0.238574
1754742567.599474,1.000000,0.700000,0.728652,0.278641,-0.141768
1754742567.675368,0.800000,0.700000,0.532227,0.370338,-0.165331
1754742567.699479,0.700000,0.700000,0.641073,0.101053,-0.023335
1754742567.724937,0.700000,0.700000,0.767636,0.244615,-0.091336
1754742567.749408,0.600000,0.700000,1.183300,0.417867,-0.202592
1754742567.775306,0.600000,0.700000,0.723049,0.306877,-0.158199
1754742567.799461,0.500000,0.600000,0.634883,-0.076043,0.026694
1754742567.825313,0.500000,0.600000,0.567452,-0.248448,0.117455
1754742568.075071,0.100000,0.500000,0.576805,-0.359324,0.172177
1754742568.099384,0.100000,0.500000,0.619063,-0.377591,0.180188
1754742568.125550,0.100000,0.500000,0.608323,-0.393617,0.192886
1754742568.150194,0.100000,0.500000,0.860685,-0.656896,0.329574
1754742568.175319,0.200000,0.500000,0.992890,-0.508178,0.271268
1754742568.199333,0.100000,0.500000,0.364958,-0.860117,0.449142
1754742568.225365,0.100000,0.500000,0.350791,-0.680838,0.354845
1754742568.274900,0.100000,0.500000,0.288982,-0.584051,0.296179
1754742568.299326,0.100000,0.500000,0.574354,-0.891926,0.447768
1754742568.324961,0.100000,0.500000,0.626320,-0.816258,0.410914
1754742568.349328,0.100000,0.500000,0.376613,-0.605367,0.303284
1754742568.374909,0.100000,0.500000,0.308533,-0.525585,0.264490
1754742568.399338,0.100000,0.500000,0.437765,-0.510988,0.254590
1754742568.424951,0.100000,0.500000,0.443964,-0.648743,0.326557
1754742568.449342,0.100000,0.500000,0.501969,-0.562129,0.281513
1754742568.475323,0.100000,0.500000,0.433701,-0.651110,0.328173
1754742568.499339,0.100000,0.500000,0.408193,-0.695675,0.355685
1754742568.525193,0.100000,0.500000,0.401767,-0.736090,0.382943
1754742568.549375,0.100000,0.500000,0.356144,-0.619904,0.316945
1754742568.575924,0.100000,0.500000,0.472910,-0.599806,0.303792
1754742568.599475,0.100000,0.500000,0.514361,-0.760949,0.385107
1754742568.625274,0.100000,0.500000,0.579246,-0.753878,0.379551
1754742568.649456,0.100000,0.500000,0.543159,-0.624000,0.314287
1754742568.675243,0.100000,0.500000,0.460607,-0.733118,0.375585
1754742568.699467,0.100000,0.500000,0.427162,-0.757396,0.394112
1754742568.725302,0.100000,0.500000,0.508742,-0.646873,0.328342
1754742568.749328,0.100000,0.500000,0.297591,-0.582895,0.299659
1754742568.774853,0.100000,0.500000,0.271787,-0.620579,0.321586
1754742568.799327,0.100000,0.500000,0.444538,-0.595733,0.301419
1754742568.825432,0.100000,0.500000,0.528027,-0.600327,0.301502
1754742568.849406,0.100000,0.500000,0.517764,-0.602694,0.303118
1754742568.875109,0.100000,0.500000,0.400328,-0.612323,0.311946
1754742568.899376,0.100000,0.500000,0.414059,-0.682606,0.347603
1754742568.925487,0.100000,0.500000,0.382990,-0.659024,0.338691
1754742568.949522,0.100000,0.500000,0.321781,-0.554685,0.282463
1754742568.975497,0.100000,0.500000,0.447515,-0.578500,0.292623
1754742568.999349,0.100000,0.500000,0.528027,-0.600327,0.301502
1754742569.025093,0.100000,0.500000,0.390065,-0.614690,0.313562
1754742569.049323,0.100000,0.500000,0.426276,-0.703458,0.356568
1754742569.075208,0.100000,0.500000,0.449540,-0.754558,0.384225
1754742569.099409,0.100000,0.500000,0.447515,-0.578500,0.292623
1754742569.124773,0.100000,0.500000,0.478954,-0.572859,0.287364
1754742569.149494,0.100000,0.500000,0.478954,-0.572859,0.287364
1754742569.175389,0.100000,0.500000,0.297733,-0.614162,0.310513
1754742569.199363,0.100000,0.500000,0.247038,-0.515412,0.265424
1754742569.225030,0.100000,0.500000,0.278287,-0.510914,0.258329
1754742569.249454,0.100000,0.500000,0.306649,-0.531012,0.269678
1754742569.275274,0.100000,0.500000,0.441833,-0.725860,0.368796
1754742569.299322,0.100000,0.500000,0.553565,-0.733250,0.368902
1754742569.325006,0.100000,0.500000,0.528027,-0.600327,0.301502
1754742569.349387,0.100000,0.500000,0.517764,-0.602694,0.303118
1754742569.375544,0.100000,0.500000,0.528027,-0.600327,0.301502
1754742569.399333,0.100000,0.500000,0.435212,-0.711812,0.364416
1754742569.425353,0.100000,0.500000,0.487033,-0.764083,0.387587
1754742604.649436,2.100000,-0.700000,0.097323,0.805769,-0.419387
1754742604.675207,2.100000,-0.700000,0.080010,0.935453,-0.487991
1754742604.699425,2.100000,-0.700000,0.114272,0.977180,-0.510122
1754742604.725035,2.100000,-0.700000,0.197355,0.859214,-0.452186
1754742604.775567,2.100000,-0.700000,0.098118,0.755015,-0.394737
1754742604.799315,2.100000,-0.700000,0.069700,0.836148,-0.435171
1754742604.824878,2.100000,-0.700000,0.080010,0.935453,-0.487991
1754742604.849376,2.100000,-0.700000,0.114272,0.977180,-0.510122
1754742605.025240,2.100000,-0.700000,0.069700,0.836148,-0.435171
1754742605.049461,2.100000,-0.700000,0.080010,0.935453,-0.487991
1754742605.099333,2.100000,-0.700000,0.132631,0.966570,-0.503936
1754742605.125083,2.100000,-0.700000,0.106944,0.930901,-0.484573
1754742605.149433,2.100000,-0.700000,0.114272,0.977180,-0.510122
1754742605.175211,2.100000,-0.700000,0.114272,0.977180,-0.510122
1754742605.199356,2.100000,-0.700000,0.114272,0.977180,-0.510122
1754742605.249368,2.100000,-0.700000,0.148101,0.781214,-0.411306
1754742605.349319,2.100000,-0.700000,0.157939,0.838049,-0.441256
1754742605.375026,2.100000,-0.700000,0.236436,1.046149,-0.544644
1754742605.399337,2.100000,-0.700000,0.212258,0.931516,-0.487963
1754742605.449360,2.100000,-0.700000,0.094346,0.838941,-0.438843
1754742605.475076,2.100000,-0.700000,0.097323,0.805769,-0.419387
1754742605.499372,2.100000,-0.700000,0.069700,0.836148,-0.435171
1754742605.525087,2.100000,-0.700000,0.080010,0.935453,-0.487991
1754742605.549361,2.100000,-0.700000,0.197355,0.859214,-0.452186
1754742605.575456,2.100000,-0.700000,0.139908,0.697973,-0.364754
1754742605.599425,2.100000,-0.700000,0.080010,0.935453,-0.487991
1754742605.624963,2.100000,-0.700000,0.176126,0.884981,-0.464855
1754742605.675484,2.100000,-0.600000,-0.034437,1.080802,-0.566282
1754742605.699344,2.100000,-0.700000,0.097858,1.019290,-0.533690
1754742605.724569,2.100000,-0.700000,0.097323,0.805769,-0.419387
1754742605.749415,2.100000,-0.700000,-0.028656,0.935720,-0.489640
1754742605.775435,2.100000,-0.700000,0.051995,1.010249,-0.530651
1754742605.799397,2.100000,-0.700000,0.097323,0.805769,-0.419387
1754742605.825232,2.100000,-0.700000,0.069700,0.836148,-0.435171
1754742605.849392,2.100000,-0.600000,-0.034437,1.080802,-0.566282
1754742605.874934,2.100000,-0.700000,0.097858,1.019290,-0.533690
1754742605.924568,2.100000,-0.700000,0.065751,0.781738,-0.410094
1754742605.949464,2.100000,-0.700000,0.069700,0.836148,-0.435171
1754742605.975391,2.100000,-0.700000,0.131476,0.837324,-0.440988
1754742606.025293,2.100000,-0.600000,-0.088041,0.981163,-0.520527
1754742606.049456,2.100000,-0.700000,0.039302,0.877183,-0.459937
1754742606.075108,2.100000,-0.700000,0.080010,0.935453,-0.487991
1754742606.124874,2.100000,-0.600000,-0.091143,1.011368,-0.533734
1754742606.149373,2.100000,-0.600000,-0.087340,0.948542,-0.504240
1754742606.175067,2.100000,-0.700000,0.062906,0.893117,-0.470206
1754742606.249344,2.100000,-0.700000,0.184452,0.720850,-0.382561
1754742606.299351,2.100000,-0.600000,-0.026897,1.043954,-0.549308
1754742606.324965,2.100000,-0.700000,0.091830,0.611860,-0.326570
1754742606.349371,2.100000,-0.700000,0.039483,0.829121,-0.436139
1754742606.375015,2.100000,-0.600000,-0.030599,0.890296,-0.472637
1754742606.399461,2.100000,-0.700000,0.098118,0.755015,-0.394737
1754742606.425448,2.100000,-0.700000,0.157939,0.838049,-0.441256
1754742606.525403,2.100000,-0.700000,0.105980,0.684684,-0.363586
1754742606.549463,2.100000,-0.700000,0.184452,0.720850,-0.382561
1754742606.699405,2.100000,-0.700000,0.120544,0.970847,-0.510890
1754742606.724991,2.100000,-0.700000,-0.012077,0.915451,-0.478634
1754742606.749457,2.100000,-0.600000,0.006830,0.922073,-0.491304
1754742606.775395,2.100000,-0.700000,0.154684,0.680030,-0.361452
1754742606.825508,2.100000,-0.700000,0.170831,0.681594,-0.360932
1754742606.849370,2.100000,-0.700000,0.156970,0.847756,-0.445757
1754742606.875101,2.100000,-0.700000,0.197355,0.859214,-0.452186
1754742606.899458,2.100000,-0.700000,0.156970,0.847756,-0.445757
1754742606.949399,2.100000,-0.600000,-0.057915,0.985099,-0.521924
1754742606.999306,2.100000,-0.700000,0.085604,0.736151,-0.388355
1754742607.074605,2.000000,-0.700000,0.695748,0.677717,-0.350224
1754742607.099387,2.000000,-0.800000,0.713874,0.094214,-0.058252
1754742607.274676,2.000000,-0.800000,0.674486,0.030930,-0.033365
1754742607.475009,1.900000,-0.900000,0.737642,-0.369224,0.173576
1754742607.499325,1.900000,-0.800000,0.794052,-0.151814,0.059624
1754742607.525002,1.900000,-0.800000,0.790704,-0.096864,0.040850
1754742607.725595,1.700000,-0.700000,0.320819,0.497830,-0.263316
1754742607.849354,1.700000,-0.700000,0.047709,0.846547,-0.444074
1754742607.875297,1.600000,-0.700000,0.705062,0.802321,-0.396428
1754742607.899334,1.600000,-0.800000,0.557006,0.124627,-0.070568
1754742608.049344,1.500000,-0.800000,0.649652,-0.061508,0.022768
1754742608.075237,1.400000,-0.800000,0.796472,0.100980,-0.051316
1754742608.099387,1.400000,-0.800000,1.107223,0.054828,-0.025907
1754742608.149427,1.400000,-0.800000,0.644853,-0.352027,0.169795
1754742608.175099,1.400000,-0.700000,0.480778,0.052694,-0.034994
1754742608.199375,1.400000,-0.700000,0.388731,0.331702,-0.185069
1754742608.225347,1.400000,-0.600000,0.266694,1.056982,-0.546449
1754742608.299345,1.300000,-0.700000,0.253603,0.420544,-0.237662
1754742608.324955,1.300000,-0.700000,0.172428,0.807773,-0.426952
1754742608.349414,1.300000,-0.600000,0.206264,0.712492,-0.373677
1754742608.375413,1.300000,-0.600000,0.074867,0.816967,-0.427337
1754742608.499381,1.100000,-0.800000,1.056180,-0.197154,0.075261
1754742608.625577,1.000000,-0.700000,1.311387,-0.116999,0.055024
1754742608.649319,1.000000,-0.800000,1.106624,-0.387229,0.176144
1754742608.674930,1.000000,-0.800000,0.679312,-0.427368,0.191536
1754742608.699335,1.000000,-0.800000,1.038330,-0.012127,-0.006748
1754742608.725188,0.900000,-0.700000,0.489535,-0.076977,0.025622
1754742608.799392,0.900000,-0.700000,0.427721,0.170221,-0.104489
1754742609.099400,0.700000,-0.700000,0.808888,0.632175,-0.318651
1754742609.124829,0.600000,-0.700000,0.725829,-0.076725,0.033355
1754742609.149433,0.600000,-0.800000,1.211206,-0.166872,0.073570
1754742609.175449,0.600000,-0.700000,0.818503,-0.041329,0.009839
1754742609.199465,0.600000,-0.700000,0.507917,0.263353,-0.155587
1754742609.225377,0.600000,-0.600000,0.149259,0.935524,-0.485864
1754742609.249409,0.500000,-0.700000,0.439211,0.123226,-0.084081
1754742609.275223,0.500000,-0.700000,0.572269,0.098098,-0.074104
1754742609.299462,0.500000,-0.700000,0.394776,0.249546,-0.147765
1754742609.325451,0.600000,-0.600000,-0.117676,0.988966,-0.532527
1754742609.376370,0.500000,-0.700000,0.347893,0.314435,-0.181102
1754742609.575206,0.300000,-0.700000,0.701355,0.467893,-0.232286
1754742609.599456,0.300000,-0.700000,0.966509,0.297890,-0.154729
1754742609.625445,0.200000,-0.700000,1.079267,-0.206256,0.084855
1754742609.649380,0.200000,-0.700000,1.497193,-0.219198,0.087971
1754742609.674978,0.200000,-0.700000,1.120542,0.086092,-0.058646
1754742609.699317,0.200000,-0.700000,0.781136,0.124313,-0.072838
1754742609.774940,0.100000,-0.700000,0.329042,0.255733,-0.144983
1754742609.799356,0.200000,-0.600000,0.045890,1.093644,-0.569513
1754742609.825251,0.200000,-0.600000,0.090208,1.209210,-0.627943
1754742609.849353,0.100000,-0.600000,0.087214,0.741071,-0.395309
1754742609.899348,0.100000,-0.600000,0.920633,1.050038,-0.526050
1754742609.925184,0.100000,-0.600000,0.872147,0.669631,-0.337013
1754742609.949417,0.100000,-0.600000,0.729946,0.851147,-0.427162
1754742609.975361,0.100000,-0.600000,0.302739,0.580444,-0.303633
1754742609.999341,0.100000,-0.600000,0.538611,0.590865,-0.301786
1754742610.025253,0.100000,-0.600000,0.467304,0.866886,-0.458812
1754742610.049420,0.100000,-0.600000,0.284857,0.653481,-0.351348
1754742610.075370,0.100000,-0.600000,0.412541,0.441739,-0.251760
1754742610.099499,0.100000,-0.600000,1.018681,0.346503,-0.201420
1754742610.124901,0.100000,-0.600000,0.899983,-0.172030,0.058965
1754742610.149326,0.100000,-0.600000,0.656905,-0.600015,0.282206
1754742610.174707,0.100000,-0.600000,0.924869,-0.596268,0.273254
1754742610.199457,0.100000,-0.600000,1.092978,-0.341440,0.157791
1754742610.225287,0.100000,-0.600000,0.922902,-0.610423,0.309708
1754742610.249442,0.100000,-0.600000,1.062638,-0.242867,0.125847
1754742610.275473,0.100000,-0.600000,1.031070,-0.675922,0.325186
1754742610.299460,0.100000,-0.600000,1.058294,-0.464783,0.244893
1754742610.325270,0.100000,-0.700000,1.283807,-0.221632,0.098766
1754742610.349405,0.100000,-0.600000,0.732000,-0.698577,0.341382
1754742610.376121,0.100000,-0.600000,0.928389,-0.692692,0.344379
1754742610.399462,0.000000,-0.600000,0.603039,-0.461173,0.242528
1754742610.425421,0.000000,-0.600000,0.486809,-0.246545,0.128601
1754742610.449464,0.000000,-0.600000,0.486809,-0.246545,0.128601
1754742610.475348,0.000000,-0.600000,0.486809,-0.246545,0.128601
1754742610.499316,0.000000,-0.600000,0.486809,-0.246545,0.128601
1754742622.425296,2.800000,-0.100000,0.357005,0.714299,-0.364560
1754742622.475169,2.800000,-0.100000,0.293409,0.543560,-0.275132
1754742622.499466,2.800000,-0.100000,0.316912,0.560369,-0.286945
1754742622.575391,2.800000,-0.100000,0.276209,0.659319,-0.338269
1754742622.775114,2.900000,-0.200000,0.478893,0.201440,-0.111572
1754742622.849463,2.800000,-0.100000,0.276209,0.659319,-0.338269
1754742622.874886,2.800000,0.000000,0.269720,0.648551,-0.328005
1754742622.899358,2.800000,-0.100000,0.378485,0.518631,-0.260561
1754742622.999368,2.900000,-0.200000,0.479297,0.225340,-0.122632
1754742623.024966,2.800000,-0.100000,0.216430,0.580973,-0.299412
1754742623.125268,2.800000,-0.100000,0.378485,0.518631,-0.260561
1754742623.199461,2.800000,0.000000,0.269720,0.648551,-0.328005
1754742623.225302,2.900000,-0.200000,0.493106,0.214987,-0.117319
1754742623.249460,2.800000,-0.100000,0.216430,0.580973,-0.299412
1754742623.299409,2.800000,-0.100000,0.275063,0.530568,-0.271145
1754742623.349468,2.800000,-0.100000,0.333514,0.620303,-0.314361
1754742623.499337,2.800000,0.000000,0.345530,0.655400,-0.323987
1754742623.525712,2.800000,-0.100000,0.275063,0.530568,-0.271145
1754742623.549626,2.800000,-0.100000,0.276209,0.659319,-0.338269
1754742623.724888,2.800000,-0.100000,0.276209,0.659319,-0.338269
1754742624.025347,2.800000,-0.100000,0.635010,0.485082,-0.229490
1754742624.049489,2.800000,-0.200000,0.556852,-0.165771,0.085452
1754742624.075254,2.800000,-0.100000,0.761326,0.205481,-0.084776
1754742624.099364,2.800000,0.000000,0.665155,0.885857,-0.425351
1754742624.125005,2.800000,0.000000,0.517015,0.883075,-0.427228
1754742624.149461,2.700000,-0.200000,0.728212,-0.414489,0.189821
1754742624.175001,2.700000,-0.100000,1.183918,0.103826,-0.071592
1754742624.199346,2.700000,-0.100000,1.019959,0.579737,-0.294096
1754742624.225176,2.600000,-0.100000,1.070281,0.810770,-0.400075
1754742624.249463,2.600000,-0.100000,0.985708,0.350920,-0.178880
1754742624.275322,2.500000,-0.200000,0.818244,-0.362028,0.168032
1754742624.324650,2.500000,0.000000,0.278670,0.479573,-0.253507
1754742624.349630,2.400000,0.000000,0.409901,0.863865,-0.418200
1754742624.375820,2.300000,-0.200000,1.085754,-0.379973,0.165196
1754742624.399333,2.300000,-0.200000,0.809980,-0.703494,0.344039
1754742624.425363,2.200000,-0.100000,0.836796,0.501790,-0.245717
1754742624.449590,2.200000,-0.100000,0.862433,0.431281,-0.212098
1754742624.475303,2.200000,0.000000,0.306395,0.954393,-0.490749
1754742624.499436,2.100000,-0.200000,0.661851,-0.411234,0.199247
1754742624.525187,2.100000,-0.200000,0.405198,-0.266714,0.133349
1754742624.549523,2.000000,-0.100000,0.988574,0.306079,-0.159477
1754742624.574696,1.900000,-0.200000,1.054642,-0.149675,0.053879
1754742624.599324,1.900000,-0.200000,1.058769,-0.436748,0.188266
1754742624.624995,0.100000,0.700000,1.191683,0.080982,-0.048265
1754742624.649494,0.000000,0.700000,0.732290,0.549204,-0.265398
1754742624.675784,1.800000,-0.300000,0.772265,-0.585392,0.274025
1754742624.699405,1.800000,-0.200000,0.488271,-0.539116,0.271406
1754742624.725292,1.700000,-0.200000,0.831053,-0.289072,0.125988
1754742624.749341,1.700000,-0.200000,0.762081,-0.174150,0.077271
1754742624.774925,1.700000,0.000000,0.138291,0.787272,-0.424221
1754742624.799340,1.700000,-0.300000,0.371132,-0.758996,0.378756
1754742624.824919,1.600000,-0.200000,0.530225,-0.191970,0.097974
1754742624.849330,1.600000,-0.200000,0.694451,-0.211215,0.110290
1754742624.875411,1.600000,-0.100000,0.744181,0.165162,-0.064940
1754742624.899376,1.600000,-0.100000,0.655525,0.234072,-0.101365
1754742624.924743,1.600000,0.000000,0.541996,0.913417,-0.442597
1754742624.949347,1.600000,0.000000,0.401753,0.876720,-0.434230
1754742624.975391,1.600000,0.000000,0.193880,0.963235,-0.481904
1754742625.025233,1.600000,-0.300000,0.415674,-0.685315,0.347007
1754742625.074851,1.600000,-0.300000,0.421102,-0.590246,0.298875
1754742625.124832,1.600000,-0.300000,0.414678,-0.641008,0.323284
1754742625.175321,1.600000,-0.300000,0.421102,-0.590246,0.298875
1754742625.249490,1.600000,-0.300000,0.379935,-0.607757,0.305130
1754742625.275409,1.600000,0.000000,0.310820,0.681339,-0.332252
1754742625.299327,1.600000,0.000000,0.326826,0.749237,-0.367056
1754742625.475718,1.600000,-0.300000,0.423167,-0.685259,0.347393
1754742625.549493,1.600000,-0.300000,0.379935,-0.607757,0.305130
1754742625.625120,1.500000,-0.200000,0.487824,-0.312302,0.143595
1754742625.649375,1.600000,-0.300000,0.542109,-0.579126,0.289647
1754742625.699320,1.600000,-0.300000,0.421102,-0.590246,0.298875
1754742625.775375,1.600000,0.000000,0.326585,0.650015,-0.311419
1754742625.799345,1.600000,0.000000,0.366960,0.622321,-0.303229
1754742625.875403,1.600000,0.000000,0.307797,0.681849,-0.331829
1754742625.949353,1.500000,-0.200000,0.553421,-0.341484,0.158154
1754742625.975278,1.600000,-0.300000,0.518478,-0.572909,0.287677
1754742626.075468,1.600000,-0.300000,0.384490,-0.575652,0.287617
1754742626.099371,1.600000,0.000000,0.213978,0.744979,-0.365201
1754742626.125087,1.600000,0.000000,0.319332,0.775243,-0.376858
1754742626.176037,1.500000,-0.100000,0.472883,0.008275,-0.013501
1754742626.199323,1.500000,-0.100000,0.874370,0.167881,-0.103841
1754742626.249367,1.500000,-0.100000,0.852755,-0.029058,0.012066
1754742626.275229,1.500000,-0.100000,0.777295,0.385024,-0.197498
1754742626.299325,1.500000,-0.200000,0.654689,0.275978,-0.135057
1754742626.324788,1.500000,-0.200000,0.961417,0.400415,-0.196409
1754742626.349340,1.500000,-0.200000,0.875699,0.137457,-0.067941
1754742626.374824,1.500000,-0.300000,0.804730,-0.513861,0.248314
1754742626.399334,1.500000,-0.300000,0.550722,-0.476538,0.230774
1754742626.426025,1.500000,-0.200000,0.482813,0.691976,-0.358068
1754742626.449470,1.400000,-0.200000,0.498266,0.791205,-0.401151
1754742626.475481,1.400000,-0.200000,0.511167,0.630776,-0.322670
1754742626.499412,1.400000,-0.300000,0.975451,0.349476,-0.171208
1754742626.525029,1.400000,-0.400000,1.045605,0.005011,-0.012752
1754742626.549536,1.400000,-0.300000,0.401455,0.862726,-0.449044
1754742626.575357,1.300000,-0.500000,0.513959,-0.548657,0.264156
1754742626.599298,1.300000,-0.500000,0.650694,-0.524700,0.232006
1754742626.625025,1.300000,-0.600000,0.596317,-0.569576,0.265099
1754742626.649375,1.300000,-0.500000,0.558145,-0.048521,-0.004517
1754742626.675387,1.300000,-0.400000,0.315911,0.554892,-0.295373
1754742626.699287,1.300000,-0.400000,0.296601,0.426188,-0.227497
1754742626.775356,1.200000,-0.600000,1.054193,0.024350,-0.014278
1754742626.799320,1.200000,-0.600000,0.636330,0.451485,-0.225641
1754742626.825817,1.200000,-0.600000,0.365141,0.531920,-0.270678
1754742626.849458,1.200000,-0.600000,0.559288,0.686955,-0.341091
1754742626.875357,1.100000,-0.700000,1.060246,-0.240017,0.096916
1754742626.899465,1.100000,-0.700000,0.625984,0.103184,-0.063540
1754742626.925474,1.100000,-0.600000,0.296991,0.881696,-0.446469
1754742626.949427,1.100000,-0.700000,0.543451,0.816379,-0.419360
1754742626.975342,1.000000,-0.700000,0.821676,0.539775,-0.257127
1754742626.999544,1.000000,-0.700000,0.629710,0.734446,-0.363593
1754742627.025377,1.000000,-0.700000,0.310592,0.897033,-0.460598
1754742627.074797,0.900000,-0.900000,0.719949,-0.116658,0.030380
1754742627.099462,0.900000,-0.900000,0.850707,-0.059133,-0.010631
1754742627.125225,0.900000,-0.800000,0.508320,0.584726,-0.316170
1754742627.149331,0.800000,-1.000000,0.555664,-0.322893,0.162204
1754742627.175483,0.800000,-1.000000,1.085200,-0.224245,0.119295
1754742627.224831,0.700000,-0.900000,0.531832,0.540880,-0.280500
1754742627.249377,0.700000,-1.100000,0.942923,-0.424445,0.186307
1754742627.275038,0.700000,-1.100000,1.232835,-0.181485,0.072118
1754742627.299380,0.700000,-1.000000,0.590203,-0.084100,0.021925
1754742627.326130,0.600000,-1.000000,0.604869,0.691872,-0.352961
1754742627.349684,0.600000,-1.100000,1.199283,0.082377,-0.070540
1754742627.375498,0.600000,-1.100000,1.029813,0.084322,-0.066779
1754742627.399324,0.600000,-1.000000,0.669400,1.027757,-0.532261
1754742627.425877,0.600000,-1.000000,0.207071,1.097966,-0.573117
1754742627.449478,0.500000,-1.100000,0.684249,0.274982,-0.160725
1754742627.475009,0.500000,-1.100000,0.839266,1.001016,-0.516195
1754742627.499353,0.500000,-1.100000,0.744840,0.156266,-0.097454
1754742627.599527,0.300000,-1.200000,0.879366,0.099425,-0.048788
1754742627.625547,0.300000,-1.200000,0.754780,0.049792,-0.030009
1754742627.699462,0.200000,-2.500000,0.147655,-0.033266,0.016391
1754742627.725436,0.200000,-2.500000,0.271411,0.036588,-0.020236
1754742627.749392,0.200000,-1.200000,0.723824,0.006415,-0.004793
1754742627.775809,0.200000,-1.200000,0.712840,0.175317,-0.081358
1754742627.799465,0.100000,-2.600000,0.847189,0.190523,-0.098809
1754742627.825484,0.100000,-2.600000,0.847189,0.190523,-0.098809
1754742627.849462,0.100000,-2.600000,0.913250,0.190295,-0.097190
1754742627.874970,0.100000,-2.600000,1.166303,-0.054311,0.029544
1754742627.899329,0.100000,-2.500000,0.688480,-0.576526,0.277909
1754742627.924813,0.100000,-2.600000,0.766830,-0.137682,0.067355
1754742627.949318,0.100000,-1.200000,0.430693,0.176144,-0.101084
1754742627.975343,0.100000,-1.100000,0.430712,0.039795,-0.035291
1754742627.999326,0.100000,-1.100000,0.648174,0.729927,-0.393973
1754742628.025187,0.100000,-1.100000,0.596531,0.433534,-0.241405
1754742628.049498,0.100000,-1.200000,0.592010,0.390441,-0.214526
1754742628.075526,0.100000,-1.100000,0.559173,0.417793,-0.225928
1754742628.099448,0.100000,-1.100000,0.550619,0.506669,-0.264483
1754742628.125376,0.100000,-1.100000,0.590012,0.588413,-0.303458
1754742628.149382,0.100000,-1.100000,0.588366,0.585408,-0.298868
1754742628.174856,0.100000,-1.100000,0.505217,0.215189,-0.118008
1754742628.249347,0.100000,-1.000000,0.123128,0.611336,-0.323808
1754742628.549388,0.200000,-0.900000,0.286163,0.752463,-0.411013
1754742628.575058,0.100000,-0.900000,0.634925,0.531846,-0.297626
1754742628.599330,0.100000,-0.900000,0.624156,0.727718,-0.392832
1754742628.624985,0.100000,-0.900000,0.203698,1.204395,-0.630121
1754742628.649364,0.100000,-0.900000,0.294102,0.367488,-0.214736
1754742628.674893,0.100000,-0.900000,0.479100,0.175991,-0.115304
1754742628.699328,0.100000,-0.900000,0.471438,0.094202,-0.066943
1754742628.725011,0.100000,-0.900000,0.446516,0.179576,-0.111899
1754742628.749330,0.100000,-0.900000,0.450246,0.225145,-0.137826
1754742628.775005,0.200000,-0.900000,0.705164,0.363942,-0.194457
1754742628.799363,0.100000,-0.900000,0.388267,0.053574,-0.050021
1754742628.825365,0.100000,-0.900000,0.383760,0.012617,-0.027059
1754742628.849466,0.100000,-0.900000,0.415227,0.087784,-0.068195
1754742628.875422,0.100000,-0.900000,0.846517,-0.236286,0.091904
1754742628.899415,0.100000,-0.900000,1.201810,-0.389004,0.170934
1754742628.925196,0.100000,-0.900000,1.201308,-0.520200,0.236773
1754742628.949461,0.100000,-0.900000,1.105711,-0.647603,0.304258
1754742628.975334,0.100000,-0.900000,0.949374,-0.711389,0.339962
1754742628.999339,0.100000,-0.900000,0.968063,0.107241,-0.078410
1754742629.025207,0.100000,-0.900000,1.167791,-0.109774,0.030533
1754742629.049316,0.100000,-0.800000,0.969915,-0.965299,0.480373
1754742629.075203,0.100000,-0.900000,1.106720,-0.554518,0.262164
1754742629.099388,0.100000,-0.900000,1.059063,-0.611458,0.292183
1754742629.124663,0.100000,-0.800000,0.859585,-0.841044,0.415488
1754742629.149424,0.100000,-0.900000,0.996015,-0.076071,0.011867
1754742629.175420,0.100000,-0.900000,1.036232,-0.289552,0.126014
1754742629.199460,0.100000,-0.800000,1.001488,-0.601708,0.300017
1754742629.224715,0.100000,-0.900000,1.207554,-0.001156,-0.021777
1754742629.249393,0.100000,-0.800000,0.879202,-0.671268,0.308096
1754742629.274991,0.100000,-0.800000,1.059303,-0.678748,0.321908
1754742629.299385,0.100000,-0.800000,0.795302,-0.508303,0.244732
1754742629.325157,0.100000,-0.900000,0.966152,-0.562840,0.255000
1754742629.349439,0.100000,-0.800000,0.655689,-0.621963,0.290283
1754742629.375213,0.100000,-0.800000,0.992711,-0.807412,0.388456
1754742629.399462,0.100000,-0.800000,0.704912,-0.767866,0.380951
1754742629.425462,0.100000,-0.800000,0.825781,-0.697391,0.337091
1754742629.449459,0.100000,-0.800000,0.703401,-0.863304,0.423975
1754742629.499471,0.100000,-0.800000,0.619749,-0.397409,0.178214
1754742629.525226,0.100000,-0.800000,0.589929,-0.268825,0.126016
1754742629.549459,0.100000,-0.900000,0.928292,0.206151,-0.105516
1754742629.575459,0.100000,-0.900000,0.902539,-0.042970,0.011323
1754742629.599397,0.100000,-0.900000,0.689130,-0.127198,0.059010
1754742629.649457,0.100000,-0.900000,0.708869,-0.243356,0.117027
1754742629.675232,0.100000,-0.900000,0.860818,-0.280647,0.131099
1754742629.699406,0.100000,-0.900000,0.860818,-0.280647,0.131099
1754742629.725299,0.100000,-0.900000,0.789689,-0.165621,0.079153
1754742629.749460,0.100000,-0.900000,0.997412,-0.256524,0.115641
1754742629.774813,0.000000,-0.900000,0.788454,0.129452,-0.053072
1754742629.799410,0.000000,-0.900000,0.788454,0.129452,-0.053072
1754742629.825343,0.000000,-0.900000,0.788454,0.129452,-0.053072
1754742629.849476,0.000000,-0.900000,0.788454,0.129452,-0.053072
1754742629.875315,0.000000,-0.900000,0.788454,0.129452,-0.053072
1754742630.475377,0.000000,-0.900000,0.740725,-0.078300,0.044228
1754742630.499346,0.000000,-0.900000,0.788454,0.129452,-0.053072
1754742630.525766,0.000000,-0.900000,0.788454,0.129452,-0.053072
1754742630.549461,0.000000,-0.900000,0.788454,0.129452,-0.053072
1754742630.575358,0.000000,-0.900000,0.788454,0.129452,-0.053072
1754742630.599487,0.000000,-0.900000,0.788454,0.129452,-0.053072
1754742630.625306,0.000000,-0.900000,0.788454,0.129452,-0.053072
1754742630.649460,0.100000,-0.900000,1.063724,-0.381146,0.175573
1754742630.675076,0.100000,-0.900000,0.893084,-0.492465,0.237690
1754742630.699353,0.100000,-0.900000,1.216697,-0.621728,0.287432
1754742630.725553,0.100000,-0.900000,0.935671,-0.283041,0.136172
1754742630.749392,0.100000,-0.900000,0.860818,-0.280647,0.131099
1754742630.775299,0.100000,-0.900000,0.833763,-0.342196,0.165721
1754742630.799343,0.100000,-0.900000,0.914353,-0.205220,0.089557
1754742630.825567,0.100000,-0.900000,0.902539,-0.042970,0.011323
1754742630.849420,0.100000,-0.900000,0.994266,-0.100364,0.037289
1754742630.875279,0.100000,-0.800000,0.876676,-0.356673,0.168797
1754742630.899385,0.100000,-0.800000,0.636927,-0.747933,0.372713
1754742630.925508,0.100000,-0.800000,0.580413,-0.612163,0.301683
1754742630.949448,0.100000,-0.800000,0.555621,-0.151641,0.053132
1754742631.049329,0.100000,-0.800000,1.125771,-0.002095,-0.025058
1754742631.074746,0.100000,-0.800000,0.808326,-0.484946,0.222981
1754742631.099407,0.200000,-0.800000,0.794918,-0.463587,0.224540
1754742631.125007,0.100000,-0.700000,0.890026,-0.543302,0.265777
1754742631.149461,0.200000,-0.800000,1.093301,0.255142,-0.145264
1754742631.174697,0.100000,-0.700000,0.973748,0.327492,-0.191160
1754742631.199459,0.100000,-0.700000,1.066259,0.042397,-0.031217
1754742631.225299,0.100000,-0.700000,0.620259,0.362337,-0.191377
1754742631.249395,0.200000,-0.800000,0.596875,0.464151,-0.245258
1754742631.275270,0.100000,-0.700000,0.439734,0.533632,-0.282267
1754742631.299410,0.100000,-0.700000,0.415895,0.685706,-0.364209
1754742631.325241,0.100000,-0.700000,0.730059,0.823004,-0.437748
1754742631.349467,0.100000,-0.700000,0.834998,0.716087,-0.385600
1754742631.375374,0.100000,-0.700000,0.838539,0.495889,-0.273443
1754742631.399387,0.100000,-0.700000,0.732323,0.464645,-0.256226
1754742631.425472,0.100000,-0.800000,0.363592,0.732838,-0.399570
1754742631.449454,0.100000,-0.800000,0.542590,0.539556,-0.294305
1754742631.475367,0.100000,-0.800000,0.646761,0.706814,-0.384703
1754742631.499483,0.100000,-0.800000,0.585514,0.529979,-0.293410
1754742631.525673,0.100000,-0.800000,0.448251,0.580509,-0.319255
1754742631.549626,0.100000,-0.700000,0.379605,0.433059,-0.239243
1754742631.575400,0.100000,-0.800000,0.575081,0.598006,-0.324442
1754742631.599396,0.100000,-0.800000,0.527547,0.628165,-0.342045
1754742631.624929,0.100000,-0.800000,0.633950,1.078210,-0.561012
1754742631.649425,0.200000,-0.800000,0.260020,1.002274,-0.520416
1754742631.675900,0.200000,-0.800000,0.146302,0.625496,-0.328772
1754742631.699462,0.000000,-0.900000,0.580099,0.074623,-0.036770
1754742631.725463,0.200000,-0.800000,0.138890,0.987490,-0.511256
1754742631.749351,0.200000,-0.800000,0.077914,0.824031,-0.429424
1754742631.774920,0.200000,-0.800000,0.176595,0.952190,-0.491298
1754742631.799464,0.200000,-0.800000,0.146989,0.852734,-0.438819
1754742631.824673,0.200000,-0.800000,0.183780,0.888634,-0.453824
1754742631.849473,0.200000,-0.800000,0.123390,0.844971,-0.444298
1754742631.874942,0.200000,-0.900000,0.443887,0.348711,-0.195679
1754742631.899458,0.200000,-0.900000,0.501011,0.476810,-0.257087
1754742631.924794,0.200000,-0.900000,0.510871,0.421607,-0.231810
1754742631.949462,0.200000,-0.900000,0.532057,0.414870,-0.229320
1754742631.975399,0.200000,-0.900000,0.462579,0.413017,-0.229340
1754742632.049306,0.200000,-0.900000,0.510554,0.201599,-0.112282
1754742632.149395,0.200000,-0.900000,0.344936,0.837133,-0.440476
1754742632.175418,0.200000,-1.000000,0.743420,0.577594,-0.298467
1754742632.199485,0.200000,-0.900000,0.448625,0.481817,-0.255305
1754742632.249418,0.200000,-0.900000,0.514696,0.693500,-0.365870
1754742632.275394,0.200000,-1.000000,0.623863,0.509588,-0.258013
1754742632.299456,0.100000,-1.000000,0.748677,0.025338,-0.018797
1754742632.326106,0.200000,-1.000000,0.514029,0.461631,-0.235822
1754742632.349767,0.200000,-1.000000,0.460056,0.552018,-0.283096
1754742632.375357,0.200000,-1.000000,0.690905,0.668917,-0.336314
1754742632.399500,0.200000,-1.000000,0.322390,0.624414,-0.319323
1754742632.424764,0.200000,-1.000000,0.628190,0.491231,-0.256561
1754742632.449338,0.200000,-1.000000,0.689750,0.730160,-0.361243
1754742632.475334,0.200000,-1.000000,0.304942,0.593570,-0.303870
1754742632.499499,0.200000,-1.000000,0.619655,1.056532,-0.539177
1754742632.525366,0.200000,-1.000000,0.511155,1.004197,-0.507969
1754742632.549476,0.100000,-2.700000,0.407204,-0.371498,0.194539
1754742632.575977,0.200000,-1.000000,0.498239,0.845230,-0.418568
1754742632.599466,0.100000,-2.700000,0.316050,-0.424198,0.223782
1754742632.625430,0.100000,-2.700000,0.493188,-0.252424,0.131661
1754742632.649437,0.100000,-2.700000,0.510027,0.072904,-0.043845
1754742632.675331,0.100000,-2.700000,0.469877,0.316177,-0.164218
1754742632.699464,0.200000,-1.100000,0.793533,0.487407,-0.249497
1754742632.725224,0.100000,-2.600000,0.661966,-0.103026,0.062201
1754742632.749422,0.100000,-2.600000,0.629363,-0.082069,0.048598
1754742632.775752,0.100000,-2.700000,0.633142,0.638918,-0.313960
1754742632.799375,0.100000,-2.700000,0.656110,0.307190,-0.145069
1754742632.826168,0.200000,-1.100000,1.068399,0.649693,-0.322948
1754742632.850590,0.100000,-2.600000,0.925062,-0.445252,0.243954
1754742632.875552,0.100000,-2.600000,0.834163,-0.046654,0.041293
1754742632.899334,0.100000,-2.600000,0.821836,0.013213,-0.000958
1754742632.925303,0.200000,-1.100000,0.594993,0.670283,-0.345776
1754742632.949330,0.100000,-1.200000,1.123087,-0.317828,0.133464
1754742632.975382,0.100000,-1.200000,0.924412,-0.060448,0.016148
1754742632.999357,0.100000,-2.600000,0.884811,-0.365353,0.194336
1754742633.025474,0.100000,-2.600000,0.884811,-0.365353,0.194336
1754742633.049478,0.100000,-2.600000,0.884811,-0.365353,0.194336
1754742633.075132,0.100000,-2.600000,0.884811,-0.365353,0.194336
1754742633.099434,0.100000,-2.600000,0.884811,-0.365353,0.194336
1754742633.125755,0.100000,-2.600000,0.799414,-0.205223,0.114877
1754742633.149463,0.100000,-2.600000,0.690054,0.092635,-0.029973
1754742633.175419,0.100000,-2.600000,0.977091,-0.092444,0.059939
1754742633.199450,0.100000,-2.600000,0.799414,-0.205223,0.114877
1754742633.226310,0.100000,-2.600000,0.690054,0.092635,-0.029973
1754742633.249403,0.100000,-2.600000,0.690054,0.092635,-0.029973
1754742633.275924,0.100000,-2.600000,0.690054,0.092635,-0.029973
1754742633.299345,0.100000,-1.200000,0.692630,0.324851,-0.181405
1754742633.325498,0.100000,-1.200000,0.842224,0.482468,-0.255541
1754742633.349496,0.100000,-2.600000,0.690054,0.092635,-0.029973
1754742633.376547,0.100000,-2.600000,0.690054,0.092635,-0.029973
1754742633.399461,0.100000,-2.600000,0.690054,0.092635,-0.029973
1754742633.425432,0.100000,-2.600000,0.690054,0.092635,-0.029973
1754742633.449391,0.100000,-2.600000,0.977091,-0.092444,0.059939
1754742633.476205,0.100000,-2.600000,0.799414,-0.205223,0.114877
1754742633.499459,0.100000,-2.600000,0.690054,0.092635,-0.029973
1754742633.525429,0.100000,-2.600000,0.690054,0.092635,-0.029973
1754742633.549494,0.100000,-2.600000,1.090411,-0.069219,0.062337
1754742633.575835,0.100000,-2.600000,0.949138,-0.471765,0.259351
1754742633.599459,0.100000,-2.600000,0.949138,-0.471765,0.259351
1754742633.625359,0.100000,-2.600000,0.983750,-0.684882,0.364525
1754742633.649633,0.100000,-2.600000,0.784540,-0.540702,0.290615
1754742633.675106,0.100000,-2.600000,0.653835,-0.345833,0.187664
1754742633.699397,0.100000,-2.600000,0.514520,-0.009215,0.009238
1754742633.724962,0.100000,-2.600000,0.580021,-0.181537,0.098279
1754742633.749457,0.100000,-2.600000,0.552251,-0.461661,0.244084
1754742633.775270,0.100000,-2.600000,0.526289,-0.592166,0.308265
1754742633.799340,0.100000,-2.600000,0.604464,-0.491888,0.251039
1754742633.825426,0.100000,-2.600000,0.510129,-0.467164,0.239060
1754742633.875319,0.100000,-2.600000,0.431364,-0.399636,0.197761
1754742633.899466,0.100000,-2.600000,0.510129,-0.467164,0.239060
1754742634.025623,0.500000,-1.200000,0.413086,0.340234,-0.180465
1754742634.249456,0.600000,-1.200000,0.046072,0.732363,-0.392547
1754742634.325056,0.600000,-1.200000,0.028221,0.643007,-0.351571
1754742634.349384,0.500000,-1.200000,0.131419,0.778730,-0.419698
1754742634.375150,0.500000,-1.400000,0.517691,-0.241996,0.115392
1754742634.399324,0.500000,-1.200000,0.146365,0.582890,-0.314850
1754742634.425358,0.500000,-1.400000,0.623704,-0.087841,0.031318
1754742634.449475,0.600000,-1.200000,0.219575,0.723113,-0.379005
1754742634.475512,0.600000,-1.200000,0.322862,1.087167,-0.562770
1754742634.499334,0.600000,-1.200000,-0.064586,0.878633,-0.474060
1754742634.525373,0.600000,-1.200000,-0.098222,0.825950,-0.443660
1754742634.549465,0.600000,-1.200000,-0.075020,0.760115,-0.408001
1754742634.575629,0.600000,-1.200000,-0.061076,0.832589,-0.449604
1754742634.599342,0.600000,-1.200000,-0.088173,0.717349,-0.390894
1754742634.649462,0.600000,-1.300000,0.801036,0.434301,-0.227347
1754742634.675487,0.600000,-1.300000,0.670485,0.085254,-0.045194
1754742634.699378,0.100000,0.600000,0.973490,0.244746,-0.113990
1754742634.724639,0.100000,0.600000,0.973490,0.244746,-0.113990
1754742634.749984,0.100000,0.600000,0.973490,0.244746,-0.113990
1754742634.774991,0.100000,0.600000,0.973490,0.244746,-0.113990
1754742634.799326,0.100000,0.600000,0.973490,0.244746,-0.113990
1754742634.825374,0.100000,0.600000,0.973490,0.244746,-0.113990
1754742634.849410,0.100000,0.600000,0.973490,0.244746,-0.113990
1754742634.874629,0.100000,0.600000,0.973490,0.244746,-0.113990
1754742634.899400,0.100000,0.600000,0.973490,0.244746,-0.113990
1754742634.925550,0.100000,0.600000,1.044236,0.252233,-0.126056
1754742634.949399,0.100000,0.700000,0.866890,-0.465902,0.224532
1754742634.974770,0.100000,0.700000,0.909115,-0.462641,0.218751
1754742634.999465,0.100000,0.700000,0.859332,-0.399468,0.185613
1754742635.025269,0.100000,0.700000,0.909115,-0.462641,0.218751
1754742635.049394,0.100000,0.700000,0.824206,-0.412113,0.188823
1754742635.076657,0.100000,0.700000,0.820962,-0.462276,0.220686
1754742635.099465,0.100000,0.700000,0.482920,-0.377058,0.189844
1754742635.125354,0.100000,0.700000,0.482920,-0.377057,0.189844
1754742635.149383,0.100000,0.700000,0.482920,-0.377058,0.189844
1754742635.175727,0.200000,0.600000,0.694963,0.313833,-0.154317
1754742635.199373,0.200000,0.600000,0.473463,0.324264,-0.169523
1754742635.225421,0.200000,0.600000,0.437105,0.373554,-0.190052
1754742635.249326,0.800000,-1.500000,0.658036,-0.418109,0.189289
1754742635.275066,0.800000,-1.600000,0.527859,-0.533520,0.245904
1754742635.299445,0.800000,-1.600000,0.570513,-0.662827,0.310847
1754742635.325215,0.700000,-1.500000,0.857270,-0.294130,0.128961
1754742635.349463,0.700000,-1.500000,0.723383,-0.132127,0.041038
1754742635.375498,0.800000,-1.400000,0.562987,0.712138,-0.360732
1754742635.399290,0.800000,-1.400000,0.680788,0.600647,-0.299719
1754742635.425245,0.100000,0.600000,0.688187,-0.245476,0.120208
1754742635.449615,0.100000,0.600000,0.593278,-0.460323,0.231449
1754742635.475508,0.700000,-1.600000,0.952227,0.044933,-0.027020
1754742635.499485,0.700000,-1.500000,1.160177,0.140234,-0.080144
1754742635.525889,0.100000,0.600000,0.411849,-0.324450,0.150400
1754742635.549463,0.700000,-1.600000,0.881095,0.016375,-0.005608
1754742635.575588,0.700000,-1.500000,1.074294,0.429533,-0.221755
1754742635.599463,0.700000,-1.600000,0.941630,0.265797,-0.124235
1754742635.625346,0.700000,-1.600000,0.749792,0.233720,-0.102659
1754742635.649521,0.700000,-1.600000,0.796306,0.202366,-0.092062
1754742635.674570,0.700000,-1.600000,0.796306,0.202366,-0.092062
1754742635.699480,0.700000,-1.600000,1.104941,0.213495,-0.096262
1754742635.725490,0.700000,-1.500000,0.954594,0.439197,-0.223160
1754742635.749413,0.700000,-1.500000,0.816359,0.642819,-0.323693
1754742635.775241,0.700000,-1.500000,0.748278,0.286950,-0.146386
1754742635.799349,0.700000,-1.500000,0.869956,0.374606,-0.187835
1754742635.825432,0.700000,-1.500000,0.797795,0.419882,-0.196506
1754742635.849492,0.700000,-1.600000,1.098323,0.232565,-0.110027
1754742635.874802,0.700000,-1.600000,1.100962,0.276138,-0.115725
1754742635.899462,0.700000,-1.600000,0.993468,0.235724,-0.104737
1754742635.924646,0.700000,-1.600000,0.782672,0.340207,-0.158586
1754742635.949394,0.700000,-1.600000,0.715779,0.257681,-0.114035
1754742635.975328,0.700000,-1.500000,0.712057,0.263412,-0.141715
1754742636.025354,0.700000,-1.500000,0.748872,0.123009,-0.067311
1754742636.049460,0.700000,-1.500000,0.740394,0.353827,-0.173049
1754742636.075355,0.700000,-1.500000,0.694198,0.070781,-0.037496
1754742636.099327,0.700000,-1.500000,0.702522,0.250100,-0.128141
1754742636.125653,0.700000,-1.600000,0.594429,0.184997,-0.084244
1754742636.149383,0.700000,-1.600000,0.711008,0.184228,-0.089362
1754742636.175385,0.700000,-1.500000,0.237330,0.767423,-0.391316
1754742636.199334,0.600000,-1.600000,0.910494,0.583026,-0.294040
1754742636.224602,0.600000,-1.600000,1.068672,0.464780,-0.242696
1754742636.249470,0.600000,-1.600000,0.854517,0.494863,-0.254262
1754742636.276088,0.600000,-1.500000,0.649725,0.381853,-0.179381
1754742636.299483,0.600000,-1.500000,0.559133,0.040622,-0.025390
1754742636.375235,0.600000,-1.500000,0.354040,0.834482,-0.434398
1754742636.399466,0.600000,-1.500000,0.495242,1.026567,-0.530299
1754742636.425516,0.500000,-1.600000,0.902676,0.042366,-0.045219
1754742636.449400,0.500000,-1.600000,1.431432,-0.146576,0.031533
1754742636.475476,0.500000,-1.600000,1.037974,-0.051956,-0.009195
1754742636.499467,0.500000,-1.600000,0.699758,0.000126,-0.017260
1754742636.524943,0.100000,0.600000,0.421191,-0.504547,0.252213
1754742636.549409,0.100000,0.600000,0.523785,-0.584046,0.292790
1754742636.575806,0.500000,-1.500000,0.414538,0.806227,-0.424176
1754742636.599334,0.500000,-1.500000,0.383790,1.061762,-0.559473
1754742636.625429,0.500000,-1.500000,0.364930,0.986316,-0.520839
1754742636.649462,0.500000,-1.500000,0.209372,0.990388,-0.525228
1754742636.675618,0.500000,-1.500000,0.316856,1.218331,-0.640452
1754742636.699363,0.500000,-1.500000,0.338568,1.037555,-0.550462
1754742636.725513,0.100000,0.500000,0.480361,-0.283058,0.135310
1754742636.749748,0.100000,0.500000,0.480361,-0.283058,0.135310
1754742636.775195,0.400000,-1.600000,0.890300,0.243890,-0.130182
1754742636.799394,0.100000,0.600000,0.547702,-0.633020,0.316308
1754742636.825336,0.100000,0.600000,0.609664,-0.677119,0.345061
1754742636.849396,0.100000,0.600000,0.660693,-0.994591,0.513654
1754742636.875710,0.100000,0.600000,0.623887,-0.884282,0.457804
1754742636.899336,0.100000,0.600000,0.587607,-0.874963,0.462845
1754742636.924937,0.100000,0.600000,0.440098,-0.428931,0.246259
1754742636.949309,0.100000,0.500000,0.983672,-0.247916,0.146598
1754742636.975398,0.100000,0.600000,0.823948,-0.872673,0.454982
1754742636.999461,0.100000,0.600000,1.150978,-0.343212,0.164237
1754742637.025217,0.100000,0.600000,0.362446,-0.427177,0.218307
1754742637.049462,0.500000,-1.400000,0.317376,0.625971,-0.329172
1754742637.076392,0.500000,-1.400000,0.304609,0.582079,-0.314755
1754742637.099458,0.100000,0.700000,0.587189,-0.479660,0.217384
1754742637.125090,0.100000,0.700000,0.892919,-0.017023,-0.008482
1754742637.149357,0.600000,-1.300000,0.266721,0.298983,-0.187308
1754742637.175153,0.100000,0.800000,0.510515,0.398850,-0.207941
1754742637.199471,0.600000,-1.300000,0.011298,0.733168,-0.405665
1754742637.225252,0.500000,-1.400000,0.699575,0.128004,-0.080867
1754742637.249329,0.500000,-1.400000,0.860538,-0.267692,0.109273
1754742637.275264,0.600000,-1.200000,0.192433,0.597538,-0.323898
1754742637.299482,0.500000,-1.200000,0.410338,0.436198,-0.237402
1754742637.325094,0.500000,-1.200000,0.357380,0.564717,-0.299499
1754742637.375378,0.500000,-1.200000,0.601781,0.606683,-0.322317
1754742637.399458,0.500000,-1.200000,0.889763,0.811458,-0.409787
1754742637.425287,0.500000,-1.200000,1.102688,0.518822,-0.280662
1754742637.449335,0.500000,-1.200000,0.698075,0.174569,-0.102909
1754742637.474778,0.500000,-1.200000,0.829544,0.078011,-0.058376
1754742637.499295,0.500000,-1.200000,0.479489,0.060659,-0.046438
1754742637.524566,0.500000,-1.100000,0.892490,0.252347,-0.153061
1754742637.549337,0.500000,-1.100000,1.261911,0.340522,-0.190922
1754742637.574777,0.500000,-1.100000,1.109171,0.040511,-0.042194
1754742637.599325,0.500000,-1.100000,0.781034,-0.184594,0.079996
1754742637.624613,0.500000,-1.100000,0.724778,0.227025,-0.128294
1754742637.649402,0.500000,-1.100000,0.518242,-0.161216,0.059077
1754742637.675148,0.500000,-1.100000,0.835123,-0.320470,0.133222
1754742637.699360,0.500000,-1.100000,0.857487,0.205870,-0.122870
1754742637.724885,0.600000,-1.000000,0.483866,0.868325,-0.446880
1754742637.749605,0.600000,-0.900000,0.178980,1.031611,-0.544943
1754742637.776165,0.600000,-0.900000,0.250838,1.316344,-0.686811
1754742637.799289,0.500000,-1.000000,0.797973,0.048978,-0.044925
1754742637.849383,0.500000,-1.000000,0.531136,-0.034292,0.009552
1754742637.899285,0.500000,-1.000000,0.538360,-0.203074,0.083575
1754742637.924874,0.500000,-1.000000,0.526028,-0.202505,0.084111
1754742637.974933,0.500000,-0.900000,0.683688,-0.044386,-0.005377
1754742637.999469,0.500000,-0.900000,0.554581,-0.065233,0.005762
1754742638.025372,0.500000,-0.900000,0.538207,0.010044,-0.038642
1754742638.049524,0.500000,-0.900000,0.503965,0.044769,-0.050908
1754742638.249476,0.300000,-1.100000,0.833000,-0.143485,0.068575
1754742638.375284,0.200000,-1.000000,1.218114,0.425075,-0.215531
1754742638.399323,0.200000,-1.000000,0.809104,0.467493,-0.231786
1754742638.424860,0.100000,-2.600000,0.717080,0.303730,-0.149247
1754742638.449342,0.100000,-2.500000,0.929153,-0.438095,0.212942
1754742638.474931,0.100000,-2.600000,1.026265,0.103194,-0.046510
1754742638.499374,0.100000,-2.500000,0.700996,-0.186231,0.092955
1754742638.549346,0.100000,-1.000000,0.359364,0.628382,-0.337459
1754742638.575158,0.100000,-1.000000,0.425692,0.659602,-0.350856
1754742638.599329,0.100000,-1.000000,0.404359,0.691160,-0.369288
1754742638.675335,0.100000,-1.100000,0.125255,0.757291,-0.400441
1754742638.724935,0.100000,-1.100000,0.922438,0.299295,-0.154379
1754742638.749468,0.100000,-1.100000,1.214648,0.013862,-0.019545
1754742638.775334,0.100000,-1.100000,1.491873,-0.244921,0.107755
1754742638.799462,0.100000,-1.100000,1.372946,-0.525949,0.247352
1754742638.825623,0.100000,-1.100000,1.246431,-0.409211,0.184519
1754742638.849529,0.100000,-1.100000,1.150370,-0.601764,0.286476
1754742638.874834,0.100000,-1.100000,1.150370,-0.601764,0.286476
1754742638.899418,0.100000,-1.100000,0.918957,-0.146339,0.057251
1754742638.925681,0.100000,-1.100000,0.676809,-0.328013,0.148697
1754742638.949352,0.100000,-1.100000,1.146041,-0.486673,0.219689
1754742638.975239,0.100000,-1.100000,1.146041,-0.486673,0.219689
1754742638.999396,0.100000,-1.100000,1.125544,-0.564495,0.261834
1754742639.024910,0.100000,-1.100000,1.150370,-0.601764,0.286476
1754742639.049464,0.100000,-1.100000,1.150370,-0.601764,0.286476
1754742639.074724,0.100000,-1.100000,1.150370,-0.601764,0.286476
1754742639.099461,0.100000,-1.100000,1.150370,-0.601764,0.286476
1754742639.124919,0.100000,-1.100000,1.150370,-0.601764,0.286476
1754742639.149450,0.100000,-1.100000,1.150370,-0.601764,0.286476
1754742639.176291,0.100000,-1.100000,1.228097,-0.481840,0.226306
1754742639.199460,0.100000,-1.100000,1.073975,-0.343110,0.154612
1754742639.225330,0.100000,-1.100000,0.920987,-0.158898,0.066338
1754742639.249467,0.100000,-1.100000,0.816535,-0.436900,0.210564
1754742639.275008,0.100000,-1.000000,0.951041,-0.694964,0.345136
1754742639.299357,0.100000,-1.100000,1.452884,-0.510074,0.235812
1754742639.325343,0.100000,-1.100000,0.944034,-0.552373,0.260048
1754742639.349504,0.100000,-1.100000,1.416982,-0.492657,0.233205
1754742639.375378,0.100000,-1.100000,1.052912,-0.685056,0.336065
1754742639.399336,0.100000,-1.000000,0.953566,-0.693639,0.344169
1754742639.425482,0.100000,-1.000000,0.953566,-0.693639,0.344169
1754742639.449461,0.100000,-1.100000,1.418726,-0.483561,0.228201
1754742639.474861,0.100000,-1.100000,0.910086,-0.412614,0.197838
1754742639.499323,0.000000,-1.000000,0.486809,-0.246545,0.128601
1754742639.525258,0.000000,-1.000000,0.486809,-0.246545,0.128601
1754742639.549322,0.100000,-1.000000,0.843632,-0.167022,0.096405
1754742639.575537,0.100000,-1.100000,1.521474,-0.102893,0.038983
1754742639.599329,0.100000,-1.100000,1.236108,-0.481498,0.216342
1754742639.649328,0.100000,-1.000000,0.667362,-0.398727,0.197709
1754742639.675439,0.100000,-1.100000,1.336427,-0.373987,0.170671
1754742639.774812,0.000000,-1.000000,0.486809,-0.246545,0.128601
1754742639.799371,0.000000,-1.000000,0.486809,-0.246545,0.128601
1754742639.824840,0.000000,-1.000000,0.486809,-0.246545,0.128601
1754742639.849467,0.000000,-1.000000,0.486809,-0.246545,0.128601
1754742639.874989,0.000000,-1.100000,1.091667,-0.165072,0.082331
1754742639.899323,0.100000,-1.000000,0.766370,-0.099096,0.048882
1754742639.925366,0.000000,-1.100000,0.833582,-0.064890,0.034834
1754742639.949347,0.100000,-1.000000,0.765805,-0.099917,0.049286
1754742639.975097,0.100000,-1.000000,0.932014,-0.062959,0.030798
1754742639.999792,0.100000,-1.000000,0.932156,-0.063236,0.030892
1754742640.024871,0.100000,-1.000000,0.932156,-0.063236,0.030892
1754742640.049325,0.100000,-1.000000,0.930156,-0.062763,0.030949
1754742640.074898,0.100000,-1.000000,0.929793,-0.063000,0.031065
1754742640.099356,0.100000,-1.000000,0.932156,-0.063236,0.030892
1754742640.124801,0.000000,-1.000000,0.604363,-0.185742,0.102195
